Standard,,,,,,,,,,,,Expected,,,,,,,,,,,,,
Rk,Player,Nation,Pos,Squad,Age,Born,90s,Gls,Sh,SoT,SoT%,Sh/90,SoT/90,G/Sh,G/SoT,Dist,FK,PK,PKatt,xG,npxG,npxG/Sh,G-xG,np:G-xG,Matches
1,Max Aarons,eng ENG,DF,Bournemouth,24-104,2000,12.3,0,2,0,0,0.16,0,0,,23.9,0,0,0,0,0,0.02,0,0,Matches
2,Bénie Adama Traore,ci CIV,"FW,MF",Sheffield Utd,21-139,2002,4.3,0,1,1,100,0.23,0.23,0,0,15.3,0,0,0,0.3,0.3,0.27,-0.3,-0.3,Matches
3,Tyler Adams,us USA,MF,Bournemouth,25-063,1999,1.2,0,0,0,,0,0,,,,0,0,0,0,0,,0,0,Matches
4,Tosin Adarabioyo,eng ENG,DF,Fulham,26-206,1997,17,2,14,5,35.7,0.83,0.29,0.14,0.4,14.2,0,0,0,0.7,0.7,0.05,1.3,1.3,Matches
5,Elijah Adebayo,eng ENG,FW,Luton Town,26-101,1998,12.9,9,28,12,42.9,2.17,0.93,0.32,0.75,9.5,0,0,0,5.6,5.6,0.2,3.4,3.4,Matches
6,Simon Adingra,ci CIV,FW,Brighton,22-107,2002,19.6,6,40,18,45,2.04,0.92,0.15,0.33,16.1,0,0,0,3.5,3.5,0.09,2.5,2.5,Matches
7,Nayef Aguerd,ma MAR,DF,West Ham,28-018,1996,20.6,1,14,3,21.4,0.68,0.15,0.07,0.33,10.8,0,0,0,1.5,1.5,0.11,-0.5,-0.5,Matches
8,Brandon Aguilera,cr CRC,FW,Nott'ham Forest,20-294,2003,0.1,0,0,0,,0,0,,,,0,0,0,0,0,,0,0,Matches
9,Naouirou Ahamada,fr FRA,"MF,FW",Crystal Palace,22-019,2002,2.7,0,8,2,25,2.95,0.74,0,0,20,0,0,0,0.4,0.4,0.05,-0.4,-0.4,Matches
10,Anel Ahmedhodžić,ba BIH,DF,Sheffield Utd,25-022,1999,24.4,1,16,4,25,0.65,0.16,0.06,0.25,12.5,0,0,0,2.6,2.6,0.16,-1.6,-1.6,Matches
11,Ola Aina,ng NGA,DF,Nott'ham Forest,27-192,1996,14.8,1,7,1,14.3,0.47,0.07,0.14,1,26.8,0,0,0,0.2,0.2,0.03,0.8,0.8,Matches
12,Rayan Aït-Nouri,dz ALG,"DF,MF",Wolves,22-316,2001,21.2,2,20,6,30,0.94,0.28,0.1,0.33,16,0,0,0,3.1,3.1,0.15,-1.1,-1.1,Matches
13,Kristoffer Ajer,no NOR,DF,Brentford,26-000,1998,17.4,2,9,3,33.3,0.52,0.17,0.22,0.67,9.5,0,0,0,1.1,1.1,0.13,0.9,0.9,Matches
14,Manuel Akanji,ch SUI,"DF,MF",Manchester City,28-273,1995,22.1,2,11,4,36.4,0.5,0.18,0.18,0.5,18.7,0,0,0,0.9,0.9,0.09,1.1,1.1,Matches
15,Nathan Aké,nl NED,DF,Manchester City,29-059,1995,19.5,2,19,5,26.3,0.98,0.26,0.11,0.4,10.9,0,0,0,2.1,2.1,0.11,-0.1,-0.1,Matches
16,Thiago Alcántara,es ESP,MF,Liverpool,33-006,1991,0.1,0,0,0,,0,0,,,,0,0,0,0,0,,0,0,Matches
17,Trent Alexander-Arnold,eng ENG,DF,Liverpool,25-193,1998,18.5,2,31,4,12.9,1.68,0.22,0.06,0.5,24.2,3,0,0,1.8,1.6,0.05,0.2,0.4,Matches
18,Alisson,br BRA,GK,Liverpool,31-198,1992,22,0,0,0,,0,0,,,,0,0,0,0,0,,0,0,Matches
19,Miguel Almirón,py PAR,FW,Newcastle Utd,30-067,1994,20.5,3,40,11,27.5,1.95,0.54,0.08,0.27,16.3,0,0,0,4.5,4.5,0.11,-1.5,-1.5,Matches
20,Edson Álvarez,mx MEX,MF,West Ham,26-176,1997,23.9,1,17,3,17.6,0.71,0.13,0.06,0.33,21.1,0,0,0,1.3,1.3,0.08,-0.3,-0.3,Matches
21,Julián Álvarez,ar ARG,"MF,FW",Manchester City,24-077,2000,27.2,8,88,34,38.6,3.23,1.25,0.08,0.21,17.8,13,1,1,11.3,10.6,0.12,-3.3,-3.6,Matches
22,Zeki Amdouni,ch SUI,FW,Burnley,23-135,2000,20.3,4,41,21,51.2,2.02,1.03,0.1,0.19,17,0,0,0,4.4,4.4,0.11,-0.4,-0.4,Matches
23,Sofyan Amrabat,ma MAR,"MF,DF",Manchester Utd,27-240,1996,7.2,0,2,0,0,0.28,0,0,,23.7,0,0,0,0.1,0.1,0.03,-0.1,-0.1,Matches
24,Joachim Andersen,dk DEN,DF,Crystal Palace,27-322,1996,32,2,19,8,42.1,0.59,0.25,0.11,0.25,13.4,1,0,0,1.3,1.3,0.07,0.7,0.7,Matches
25,Elliot Anderson,sct SCO,"MF,FW",Newcastle Utd,21-163,2002,7.5,0,13,3,23.1,1.73,0.4,0,0,14,0,0,0,1.2,1.2,0.09,-1.2,-1.2,Matches
Rk,Player,Nation,Pos,Squad,Age,Born,90s,Gls,Sh,SoT,SoT%,Sh/90,SoT/90,G/Sh,G/SoT,Dist,FK,PK,PKatt,xG,npxG,npxG/Sh,G-xG,np:G-xG,Matches
26,Jaidon Anthony,eng ENG,FW,Bournemouth,24-138,1999,1.7,0,2,1,50,1.18,0.59,0,0,24.5,0,0,0,0.1,0.1,0.03,-0.1,-0.1,Matches
27,Michail Antonio,jm JAM,FW,West Ham,34-020,1990,14.5,4,22,10,45.5,1.51,0.69,0.18,0.4,13.8,0,0,0,4,4,0.18,0,0,Matches
28,Antony,br BRA,FW,Manchester Utd,24-053,2000,12.2,0,31,7,22.6,2.54,0.57,0,0,19.3,0,0,0,1.7,1.7,0.05,-1.7,-1.7,Matches
29,Oliver Arblaster,eng ENG,MF,Sheffield Utd,19-348,2004,5.1,0,1,1,100,0.2,0.2,0,0,16.6,0,0,0,0,0,0.04,0,0,Matches
30,Cameron Archer,eng ENG,"FW,MF",Sheffield Utd,22-271,2001,16.3,4,30,7,23.3,1.84,0.43,0.13,0.57,15.9,0,0,0,4,4,0.14,0,0,Matches
31,Cameron Archer,eng ENG,MF,Aston Villa,22-271,2001,0.1,0,0,0,,0,0,,,,0,0,0,0,0,,0,0,Matches
32,Alphonse Areola,fr FRA,GK,West Ham,31-050,1993,26,0,0,0,,0,0,,,,0,0,0,0,0,,0,0,Matches
33,Lorenz Assignon,tg TOG,DF,Burnley,23-300,2000,9.2,0,3,0,0,0.33,0,0,,21.5,0,0,0,0.1,0.1,0.03,-0.1,-0.1,Matches
34,Serge Aurier,ci CIV,"DF,MF",Nott'ham Forest,31-115,1992,9.3,0,6,1,16.7,0.65,0.11,0,0,16,0,0,0,0.2,0.2,0.03,-0.2,-0.2,Matches
35,Taiwo Awoniyi,ng NGA,FW,Nott'ham Forest,26-249,1997,11.4,6,22,11,50,1.93,0.97,0.27,0.55,11.5,0,0,0,4.7,4.7,0.22,1.3,1.3,Matches
36,Jordan Ayew,gh GHA,"FW,MF",Crystal Palace,32-219,1991,26.3,4,45,17,37.8,1.71,0.65,0.09,0.24,17.5,0,0,0,3.8,3.8,0.08,0.2,0.2,Matches
37,Benoît Badiashile,fr FRA,DF,Chelsea,23-022,2001,8.2,0,3,1,33.3,0.36,0.12,0,0,11,0,0,0,0.2,0.2,0.06,-0.2,-0.2,Matches
38,Leon Bailey,jm JAM,"MF,FW",Aston Villa,26-252,1997,19.2,9,48,16,33.3,2.5,0.83,0.19,0.56,16.8,1,0,0,5.1,5.1,0.11,3.9,3.9,Matches
39,George Baldock,gr GRE,DF,Sheffield Utd,31-039,1993,10.8,0,1,0,0,0.09,0,0,,22.2,0,0,0,0,0,0.02,0,0,Matches
40,Carlos Baleba,cm CMR,MF,Brighton,20-105,2004,12.5,0,19,5,26.3,1.52,0.4,0,0,24.2,0,0,0,0.8,0.8,0.04,-0.8,-0.8,Matches
41,Fodé Ballo-Touré,sn SEN,"DF,MF",Fulham,27-105,1997,0.6,0,0,0,,0,0,,,,0,0,0,0,0,,0,0,Matches
42,Shandon Baptiste,gd GRN,MF,Brentford,26-009,1998,2.5,1,2,2,100,0.79,0.79,0.5,0.5,6.6,0,0,0,0.9,0.9,0.45,0.1,0.1,Matches
43,Valentín Barco,ar ARG,DF,Brighton,19-269,2004,0,0,0,0,,0,0,,,,0,0,0,0,0,,0,0,Matches
44,Ross Barkley,eng ENG,MF,Luton Town,30-134,1993,25.8,5,62,17,27.4,2.4,0.66,0.08,0.29,21.6,6,0,0,3.9,3.9,0.06,1.1,1.1,Matches
45,Harvey Barnes,eng ENG,FW,Newcastle Utd,26-130,1997,6.5,4,21,9,42.9,3.22,1.38,0.19,0.44,16.9,0,0,0,2.7,2.7,0.13,1.3,1.3,Matches
46,Chris Basham,eng ENG,"DF,MF",Sheffield Utd,35-272,1988,3.6,0,2,0,0,0.56,0,0,,10.8,0,0,0,0.1,0.1,0.06,-0.1,-0.1,Matches
47,Calvin Bassey,ng NGA,DF,Fulham,24-108,1999,20.6,1,5,1,20,0.24,0.05,0.2,1,10.1,0,0,0,0.3,0.3,0.07,0.7,0.7,Matches
48,Owen Beck,wls WAL,DF,Liverpool,21-252,2002,0.1,0,0,0,,0,0,,,,0,0,0,0,0,,0,0,Matches
49,Donny van de Beek,nl NED,DF,Manchester Utd,26-365,1997,0,0,1,0,0,30,0,0,,16.1,0,0,0,0,0,0.04,0,0,Matches
50,Amari'i Bell,jm JAM,DF,Luton Town,29-348,1994,19.1,0,2,2,100,0.1,0.1,0,0,18.8,0,0,0,0.3,0.3,0.13,-0.3,-0.3,Matches
Rk,Player,Nation,Pos,Squad,Age,Born,90s,Gls,Sh,SoT,SoT%,Sh/90,SoT/90,G/Sh,G/SoT,Dist,FK,PK,PKatt,xG,npxG,npxG/Sh,G-xG,np:G-xG,Matches
51,Jean-Ricner Bellegarde,fr FRA,"MF,FW",Wolves,25-295,1998,9,2,14,5,35.7,1.56,0.56,0.14,0.4,17.2,0,0,0,1.4,1.4,0.1,0.6,0.6,Matches
52,Anis Ben Slimane,tn TUN,MF,Sheffield Utd,23-032,2001,4.1,0,6,3,50,1.46,0.73,0,0,18.6,0,0,0,0.7,0.7,0.11,-0.7,-0.7,Matches
53,Saïd Benrahma,dz ALG,"FW,MF",West Ham,28-251,1995,6.9,0,18,5,27.8,2.61,0.73,0,0,19.8,0,0,1,1.8,1,0.06,-1.8,-1,Matches
54,Rodrigo Bentancur,uy URU,MF,Tottenham,26-297,1997,8.1,1,12,2,16.7,1.49,0.25,0.08,0.5,15.4,0,0,0,1.2,1.2,0.1,-0.2,-0.2,Matches
55,Daniel Bentley,eng ENG,GK,Wolves,30-279,1993,3.3,0,0,0,,0,0,,,,0,0,0,0,0,,0,0,Matches
56,Jóhann Berg Guðmundsson,is ISL,MF,Burnley,33-173,1990,12,0,10,3,30,0.83,0.25,0,0,15.3,1,0,0,0.9,0.9,0.09,-0.9,-0.9,Matches
57,Sander Berge,no NOR,MF,Burnley,26-063,1998,28.4,1,23,3,13,0.81,0.11,0.04,0.33,16.9,0,0,0,1.9,1.9,0.08,-0.9,-0.9,Matches
58,Luke Berry,eng ENG,"MF,DF",Luton Town,31-280,1992,2.7,1,4,1,25,1.47,0.37,0.25,1,9.9,0,0,0,0.5,0.5,0.13,0.5,0.5,Matches
59,Beto,gw GNB,FW,Everton,26-077,1998,10.2,3,42,12,28.6,4.13,1.18,0.07,0.25,14.7,0,0,1,6.8,6,0.14,-3.8,-3,Matches
60,Jordan Beyer,de GER,DF,Burnley,23-334,2000,13.7,0,5,0,0,0.36,0,0,,8.2,0,0,0,0.5,0.5,0.1,-0.5,-0.5,Matches
61,Philip Billing,dk DEN,MF,Bournemouth,27-311,1996,14.9,2,29,8,27.6,1.95,0.54,0.07,0.25,20.4,7,0,0,2.4,2.4,0.08,-0.4,-0.4,Matches
62,Yves Bissouma,ml MLI,MF,Tottenham,27-231,1996,20.2,0,23,5,21.7,1.14,0.25,0,0,25,1,0,0,1.4,1.4,0.06,-1.4,-1.4,Matches
63,Benicio Boaitey,eng ENG,"DF,FW",Brighton,20-099,2004,0.2,0,0,0,,0,0,,,,0,0,0,0,0,,0,0,Matches
64,Oscar Bobb,no NOR,"FW,MF",Manchester City,20-280,2003,3.2,1,4,1,25,1.24,0.31,0.25,1,11.1,0,0,0,1.4,1.4,0.35,-0.4,-0.4,Matches
65,Jayden Bogle,eng ENG,DF,Sheffield Utd,23-265,2000,25.1,2,25,9,36,1,0.36,0.08,0.22,16,0,0,0,1.8,1.8,0.07,0.2,0.2,Matches
66,Willy Boly,ci CIV,DF,Nott'ham Forest,33-074,1991,12.1,1,12,5,41.7,1,0.41,0.08,0.2,10.6,0,0,0,1.3,1.3,0.11,-0.3,-0.3,Matches
67,Sven Botman,nl NED,DF,Newcastle Utd,24-096,2000,15.3,2,10,2,20,0.65,0.13,0.2,1,10.5,0,0,0,0.6,0.6,0.06,1.4,1.4,Matches
68,Jarrod Bowen,eng ENG,FW,West Ham,27-119,1996,30.5,15,70,32,45.7,2.29,1.05,0.21,0.47,14.1,0,0,0,9.7,9.7,0.14,5.3,5.3,Matches
69,Conor Bradley,nir NIR,DF,Liverpool,20-283,2003,8.1,1,12,4,33.3,1.47,0.49,0.08,0.25,17.3,0,0,0,0.9,0.9,0.07,0.1,0.1,Matches
70,Jarrad Branthwaite,eng ENG,DF,Everton,21-295,2002,28.6,2,11,3,27.3,0.38,0.1,0.18,0.67,12.4,0,0,0,1.5,1.5,0.14,0.5,0.5,Matches
71,Ben Brereton,cl CHI,"FW,MF",Sheffield Utd,24-365,1999,6.5,4,13,8,61.5,2,1.23,0.31,0.5,13.8,0,0,0,2.9,2.9,0.22,1.1,1.1,Matches
72,Rhian Brewster,eng ENG,"FW,MF",Sheffield Utd,24-016,2000,3.4,0,6,3,50,1.76,0.88,0,0,23.7,0,0,0,0.3,0.3,0.04,-0.3,-0.3,Matches
73,Armando Broja,al ALB,FW,Chelsea,22-220,2001,5,1,13,2,15.4,2.58,0.4,0.08,0.5,11.1,0,0,0,2.4,2.4,0.18,-1.4,-1.4,Matches
74,Armando Broja,al ALB,FW,Fulham,22-220,2001,0.6,0,0,0,,0,0,,,,0,0,0,0,0,,0,0,Matches
75,Andre Brooks,eng ENG,"MF,DF",Sheffield Utd,20-241,2003,7.4,0,5,1,20,0.68,0.14,0,0,20.6,0,0,0,0.2,0.2,0.05,-0.2,-0.2,Matches
Rk,Player,Nation,Pos,Squad,Age,Born,90s,Gls,Sh,SoT,SoT%,Sh/90,SoT/90,G/Sh,G/SoT,Dist,FK,PK,PKatt,xG,npxG,npxG/Sh,G-xG,np:G-xG,Matches
76,David Brooks,wls WAL,"FW,MF",Bournemouth,26-284,1997,3.1,1,13,5,38.5,4.15,1.6,0.08,0.2,17.4,0,0,0,2.2,2.2,0.17,-1.2,-1.2,Matches
77,Jacob Brown,sct SCO,"MF,FW",Luton Town,26-007,1998,11.3,2,26,6,23.1,2.3,0.53,0.08,0.33,14.1,0,0,0,2.8,2.8,0.11,-0.8,-0.8,Matches
78,Josh Brownhill,eng ENG,MF,Burnley,28-120,1995,23.6,4,27,11,40.7,1.15,0.47,0.15,0.36,20.9,0,0,0,1.9,1.9,0.07,2.1,2.1,Matches
79,Jacob Bruun Larsen,dk DEN,"MF,FW",Burnley,25-211,1998,10.4,4,30,9,30,2.89,0.87,0.1,0.33,19.9,9,1,1,4.1,3.3,0.11,-0.1,-0.3,Matches
80,Hugo Bueno,es ESP,"DF,MF",Wolves,21-212,2002,6.2,0,4,0,0,0.64,0,0,,17.3,0,0,0,0.2,0.2,0.06,-0.2,-0.2,Matches
81,Santiago Bueno,uy URU,DF,Wolves,25-160,1998,6.5,0,0,0,,0,0,,,,0,0,0,0,0,,0,0,Matches
82,Facundo Buonanotte,ar ARG,"FW,MF",Brighton,19-116,2004,12,3,18,7,38.9,1.5,0.58,0.17,0.43,17.6,0,0,0,2,2,0.11,1,1,Matches
83,Reece Burke,eng ENG,DF,Luton Town,27-228,1996,15,0,12,3,25,0.8,0.2,0,0,13.4,0,0,0,1.3,1.3,0.13,-1.3,-1.3,Matches
84,Dan Burn,eng ENG,DF,Newcastle Utd,31-344,1992,24.3,2,18,5,27.8,0.74,0.21,0.11,0.4,8.5,0,0,0,2.6,2.6,0.16,-0.6,-0.6,Matches
85,Mason Burstow,eng ENG,FW,Chelsea,20-257,2003,0.1,0,0,0,,0,0,,,,0,0,0,0,0,,0,0,Matches
86,Moisés Caicedo,ec ECU,MF,Chelsea,22-167,2001,25.1,0,9,1,11.1,0.36,0.04,0,0,26.3,0,0,0,0.3,0.3,0.03,-0.3,-0.3,Matches
87,Tom Cairney,sct SCO,MF,Fulham,33-088,1991,15.4,1,15,6,40,0.97,0.39,0.07,0.17,20.4,0,0,0,1,1,0.07,0,0,Matches
88,Dominic Calvert-Lewin,eng ENG,FW,Everton,27-032,1997,19.8,5,59,21,35.6,2.97,1.06,0.07,0.19,12.9,0,1,1,10.9,10.1,0.17,-5.9,-6.1,Matches
89,Thomas Cannon,ie IRL,FW,Everton,21-111,2002,0,0,0,0,,0,0,,,,0,0,0,0,0,,0,0,Matches
90,Diego Carlos,br BRA,DF,Aston Villa,31-033,1993,17,0,7,1,14.3,0.41,0.06,0,0,8.3,0,0,0,0.9,0.9,0.13,-0.9,-0.9,Matches
91,Cesare Casadei,it ITA,"FW,MF",Chelsea,21-098,2003,0.4,0,0,0,,0,0,,,,0,0,0,0,0,,0,0,Matches
92,Casemiro,br BRA,MF,Manchester Utd,32-054,1992,16,1,28,6,21.4,1.75,0.37,0.04,0.17,17.1,1,0,0,2.7,2.7,0.1,-1.7,-1.7,Matches
93,Matty Cash,pl POL,DF,Aston Villa,26-254,1997,21.1,2,31,13,41.9,1.47,0.62,0.06,0.15,15.4,0,0,0,4.1,4.1,0.14,-2.1,-2.1,Matches
94,Timothy Castagne,be BEL,DF,Fulham,28-134,1995,25.3,0,12,3,25,0.48,0.12,0,0,11.4,0,0,0,1.4,1.4,0.12,-1.4,-1.4,Matches
95,Jonny Castro,es ESP,MF,Wolves,30-045,1994,0.1,0,0,0,,0,0,,,,0,0,0,0,0,,0,0,Matches
96,Trevoh Chalobah,eng ENG,DF,Chelsea,24-287,1999,4.4,0,0,0,,0,0,,,,0,0,0,0,0,,0,0,Matches
97,Calum Chambers,eng ENG,"DF,MF",Aston Villa,29-088,1995,0.8,0,0,0,,0,0,,,,0,0,0,0,0,,0,0,Matches
98,Youssef Chermiti,pt POR,FW,Everton,19-329,2004,0.9,0,4,1,25,4.62,1.15,0,0,13.5,0,0,0,0.5,0.5,0.13,-0.5,-0.5,Matches
99,Ben Chilwell,eng ENG,DF,Chelsea,27-118,1996,8.4,0,12,4,33.3,1.43,0.48,0,0,16.6,1,0,0,1.2,1.2,0.1,-1.2,-1.2,Matches
100,Tawanda Chirewa,eng ENG,MF,Wolves,20-189,2003,0.4,0,1,0,0,2.25,0,0,,12.5,0,0,0,0.1,0.1,0.08,-0.1,-0.1,Matches
Rk,Player,Nation,Pos,Squad,Age,Born,90s,Gls,Sh,SoT,SoT%,Sh/90,SoT/90,G/Sh,G/SoT,Dist,FK,PK,PKatt,xG,npxG,npxG/Sh,G-xG,np:G-xG,Matches
101,Leon Chiwome,eng ENG,FW,Wolves,18-098,2006,1.9,0,2,0,0,1.03,0,0,,11.2,0,0,0,0.1,0.1,0.05,-0.1,-0.1,Matches
102,Tahith Chong,nl NED,MF,Luton Town,24-135,1999,17.3,4,27,7,25.9,1.56,0.4,0.15,0.57,16.5,0,0,0,2.5,2.5,0.09,1.5,1.5,Matches
103,Ryan Christie,sct SCO,MF,Bournemouth,29-055,1995,27.3,0,35,13,37.1,1.28,0.48,0,0,20,0,0,0,1.7,1.7,0.05,-1.7,-1.7,Matches
104,Carney Chukwuemeka,eng ENG,"MF,FW",Chelsea,20-180,2003,2.5,1,3,2,66.7,1.19,0.79,0.33,0.5,19.9,0,0,0,0.2,0.2,0.05,0.8,0.8,Matches
105,Bobby Clark,eng ENG,MF,Liverpool,19-070,2005,1,0,2,0,0,2.02,0,0,,18.7,0,0,0,0.1,0.1,0.07,-0.1,-0.1,Matches
106,Jordan Clark,eng ENG,MF,Luton Town,30-208,1993,11.5,1,12,3,25,1.04,0.26,0.08,0.33,15.5,0,0,0,0.8,0.8,0.07,0.2,0.2,Matches
107,Nathaniel Clyne,eng ENG,"DF,MF",Crystal Palace,33-012,1991,9,0,2,0,0,0.22,0,0,,23,0,0,0,0,0,0.02,0,0,Matches
108,Séamus Coleman,ie IRL,DF,Everton,35-189,1988,5.1,0,0,0,,0,0,,,,0,0,0,0,0,,0,0,Matches
109,Nathan Collins,ie IRL,DF,Brentford,22-353,2001,25.5,1,10,2,20,0.39,0.08,0.1,0.5,9.9,0,0,0,1.7,1.7,0.17,-0.7,-0.7,Matches
110,Levi Colwill,eng ENG,DF,Chelsea,21-051,2003,20,1,11,3,27.3,0.55,0.15,0.09,0.33,11.9,0,0,0,1.3,1.3,0.12,-0.3,-0.3,Matches
111,Lewis Cook,eng ENG,MF,Bournemouth,27-074,1997,25,0,10,3,30,0.4,0.12,0,0,22.9,0,0,0,0.3,0.3,0.03,-0.3,-0.3,Matches
112,Jack Cork,eng ENG,MF,Burnley,34-297,1989,0.2,0,0,0,,0,0,,,,0,0,0,0,0,,0,0,Matches
113,Maxwel Cornet,ci CIV,"MF,FW",West Ham,27-203,1996,1.2,1,4,1,25,3.4,0.85,0.25,1,12.5,0,0,0,0.4,0.4,0.1,0.6,0.6,Matches
114,Vladimír Coufal,cz CZE,DF,West Ham,31-239,1992,29.8,0,5,1,20,0.17,0.03,0,0,19.8,0,0,0,0.2,0.2,0.05,-0.2,-0.2,Matches
115,Philippe Coutinho,br BRA,"MF,FW",Aston Villa,31-310,1992,0.3,0,3,1,33.3,10.8,3.6,0,0,24.9,0,0,0,0.1,0.1,0.05,-0.1,-0.1,Matches
116,Aaron Cresswell,eng ENG,"DF,FW",West Ham,34-124,1989,3.1,0,0,0,,0,0,,,,0,0,0,0,0,,0,0,Matches
117,Marc Cucurella,es ESP,DF,Chelsea,25-270,1998,12.8,0,6,4,66.7,0.47,0.31,0,0,14.6,0,0,0,0.9,0.9,0.16,-0.9,-0.9,Matches
118,Josh Cullen,ie IRL,MF,Burnley,28-010,1996,18,1,11,3,27.3,0.61,0.17,0.09,0.33,23.1,0,0,0,0.4,0.4,0.03,0.6,0.6,Matches
119,Matheus Cunha,br BRA,"FW,MF",Wolves,24-326,1999,23.2,11,63,32,50.8,2.72,1.38,0.16,0.31,18.2,0,1,1,8.7,7.9,0.13,2.3,2.1,Matches
120,Mahmoud Dahoud,de GER,MF,Brighton,28-107,1996,5,0,6,1,16.7,1.19,0.2,0,0,26.8,0,0,0,0.2,0.2,0.04,-0.2,-0.2,Matches
121,Ameen Al-Dakhil,be BEL,DF,Burnley,22-042,2002,11.7,1,8,3,37.5,0.68,0.26,0.13,0.33,16,0,0,0,1.3,1.3,0.16,-0.3,-0.3,Matches
122,Diogo Dalot,pt POR,DF,Manchester Utd,25-030,1999,29.3,1,24,4,16.7,0.82,0.14,0.04,0.25,21.1,0,0,0,1,1,0.04,0,0,Matches
123,Mikkel Damsgaard,dk DEN,MF,Brentford,23-289,2000,6.3,0,7,3,42.9,1.11,0.48,0,0,16.4,1,0,0,0.8,0.8,0.11,-0.8,-0.8,Matches
124,Danilo,br BRA,MF,Nott'ham Forest,22-354,2001,15.3,2,19,7,36.8,1.24,0.46,0.11,0.29,20.7,0,0,0,1.6,1.6,0.08,0.4,0.4,Matches
125,Arnaut Danjuma,nl NED,"MF,FW",Everton,27-077,1997,6.6,1,25,9,36,3.78,1.36,0.04,0.11,16,1,0,0,2.6,2.6,0.1,-1.6,-1.6,Matches
Rk,Player,Nation,Pos,Squad,Age,Born,90s,Gls,Sh,SoT,SoT%,Sh/90,SoT/90,G/Sh,G/SoT,Dist,FK,PK,PKatt,xG,npxG,npxG/Sh,G-xG,np:G-xG,Matches
126,Jayden Danns,eng ENG,FW,Liverpool,18-092,2006,0.1,0,0,0,,0,0,,,,0,0,0,0,0,,0,0,Matches
127,Josh Dasilva,eng ENG,"DF,FW",Brentford,25-177,1998,0.3,0,0,0,,0,0,,,,0,0,0,0,0,,0,0,Matches
128,David Datro Fofana,ci CIV,FW,Burnley,21-117,2002,9,4,18,9,50,2.01,1,0.22,0.44,13.9,0,0,0,4.4,4.4,0.24,-0.4,-0.4,Matches
129,Ben Davies,wls WAL,DF,Tottenham,30-359,1993,11.1,1,12,2,16.7,1.08,0.18,0.08,0.5,11.8,0,0,0,2.3,2.3,0.19,-1.3,-1.3,Matches
130,Tom Davies,eng ENG,MF,Sheffield Utd,25-292,1998,2.5,0,4,1,25,1.63,0.41,0,0,15.4,0,0,0,0.4,0.4,0.09,-0.4,-0.4,Matches
131,Craig Dawson,eng ENG,DF,Wolves,33-347,1990,24.5,1,16,5,31.3,0.65,0.2,0.06,0.2,11.2,0,0,0,1.5,1.5,0.09,-0.5,-0.5,Matches
132,Kevin De Bruyne,be BEL,MF,Manchester City,32-294,1991,8.4,3,26,9,34.6,3.11,1.08,0.12,0.33,21.5,4,0,0,1.4,1.4,0.05,1.6,1.6,Matches
133,Hannes Delcroix,be BEL,DF,Burnley,25-049,1999,6.5,0,4,2,50,0.61,0.31,0,0,11.2,0,0,0,0.4,0.4,0.09,-0.4,-0.4,Matches
134,Leander Dendoncker,be BEL,MF,Aston Villa,29-002,1995,1.3,1,2,1,50,1.51,0.76,0.5,1,12.5,0,0,0,0.7,0.7,0.37,0.3,0.3,Matches
135,Moussa Diaby,fr FRA,"FW,MF",Aston Villa,24-285,1999,19.8,5,45,17,37.8,2.27,0.86,0.11,0.29,16.4,0,0,0,5.2,5.2,0.12,-0.2,-0.2,Matches
136,Amad Diallo,ci CIV,FW,Manchester Utd,21-281,2002,1,0,2,1,50,1.94,0.97,0,0,14.7,0,0,0,0.1,0.1,0.04,-0.1,-0.1,Matches
137,Amadou Diallo,eng ENG,MF,Newcastle Utd,21-062,2003,0,0,0,0,,0,0,,,,0,0,0,0,0,,0,0,Matches
138,Rúben Dias,pt POR,DF,Manchester City,26-339,1997,25.4,0,19,8,42.1,0.75,0.31,0,0,15.8,0,0,0,1.2,1.2,0.06,-1.2,-1.2,Matches
139,Luis Díaz,co COL,FW,Liverpool,27-095,1997,24.1,8,81,27,33.3,3.36,1.12,0.1,0.3,15.3,0,0,0,10.5,10.5,0.13,-2.5,-2.5,Matches
140,Eric Dier,eng ENG,DF,Tottenham,30-093,1994,2.2,0,0,0,,0,0,,,,0,0,0,0,0,,0,0,Matches
141,Lucas Digne,fr FRA,DF,Aston Villa,30-272,1993,21.8,1,18,4,22.2,0.83,0.18,0.06,0.25,19.9,6,0,0,1,1,0.05,0,0,Matches
142,Issa Diop,fr FRA,DF,Fulham,27-099,1997,12.8,0,4,1,25,0.31,0.08,0,0,15.8,0,0,0,0.2,0.2,0.04,-0.2,-0.2,Matches
143,Axel Disasi,fr FRA,DF,Chelsea,26-037,1998,27.6,2,15,4,26.7,0.54,0.15,0.13,0.5,10.8,0,0,0,1.5,1.5,0.1,0.5,0.5,Matches
144,Ben Doak,sct SCO,FW,Liverpool,18-158,2005,0.2,0,0,0,,0,0,,,,0,0,0,0,0,,0,0,Matches
145,Lewis Dobbin,eng ENG,MF,Everton,21-105,2003,2.3,1,5,2,40,2.14,0.86,0.2,0.5,15.6,0,0,0,0.3,0.3,0.06,0.7,0.7,Matches
146,Matt Doherty,ie IRL,"DF,MF",Wolves,32-092,1992,9.3,1,7,2,28.6,0.76,0.22,0.14,0.5,11,0,0,0,0.7,0.7,0.1,0.3,0.3,Matches
147,Jeremy Doku,be BEL,"FW,MF",Manchester City,21-326,2002,15.5,3,45,13,28.9,2.9,0.84,0.07,0.23,16.3,0,0,0,2.1,2.1,0.05,0.9,0.9,Matches
148,Nicolás Domínguez,ar ARG,"MF,FW",Nott'ham Forest,25-294,1998,15.7,2,22,6,27.3,1.4,0.38,0.09,0.33,16.9,0,0,0,1.3,1.3,0.06,0.7,0.7,Matches
149,Jamie Donley,eng ENG,FW,Tottenham,19-105,2005,0,0,0,0,,0,0,,,,0,0,0,0,0,,0,0,Matches
150,Abdoulaye Doucouré,ml MLI,"FW,MF",Everton,31-107,1993,23.9,6,40,18,45,1.68,0.75,0.15,0.33,12.4,0,0,0,6.7,6.7,0.18,-0.7,-0.7,Matches
Rk,Player,Nation,Pos,Squad,Age,Born,90s,Gls,Sh,SoT,SoT%,Sh/90,SoT/90,G/Sh,G/SoT,Dist,FK,PK,PKatt,xG,npxG,npxG/Sh,G-xG,np:G-xG,Matches
151,Cheick Doucouré,ml MLI,MF,Crystal Palace,24-100,2000,10.2,0,6,2,33.3,0.59,0.2,0,0,21.6,0,0,0,0.3,0.3,0.05,-0.3,-0.3,Matches
152,Alfie Doughty,eng ENG,DF,Luton Town,24-118,1999,27.6,1,23,5,21.7,0.83,0.18,0.04,0.2,15.8,1,0,0,1.2,1.2,0.05,-0.2,-0.2,Matches
153,Tommy Doyle,eng ENG,MF,Wolves,22-183,2001,11.8,0,13,3,23.1,1.1,0.25,0,0,25.9,2,0,0,0.4,0.4,0.03,-0.4,-0.4,Matches
154,Radu Drăgușin,ro ROU,DF,Tottenham,22-074,2002,2.6,0,1,0,0,0.39,0,0,,10.4,0,0,0,0.1,0.1,0.14,-0.1,-0.1,Matches
155,Martin Dúbravka,sk SVK,GK,Newcastle Utd,35-093,1989,17.1,0,0,0,,0,0,,,,0,0,0,0,0,,0,0,Matches
156,Paul Dummett,wls WAL,DF,Newcastle Utd,32-204,1991,0.2,0,1,0,0,4.74,0,0,,16.1,0,0,0,0,0,0.02,0,0,Matches
157,Lewis Dunk,eng ENG,DF,Brighton,32-148,1991,27.4,3,31,11,35.5,1.13,0.4,0.1,0.27,13.7,4,0,0,3,3,0.1,0,0,Matches
158,Jhon Durán,co COL,"FW,MF",Aston Villa,20-126,2003,3.8,3,14,5,35.7,3.64,1.3,0.21,0.6,16.2,0,0,0,1.5,1.5,0.11,1.5,1.5,Matches
159,George Earthy,eng ENG,FW,West Ham,19-225,2004,0.1,0,0,0,,0,0,,,,0,0,0,0,0,,0,0,Matches
160,Ederson,br BRA,GK,Manchester City,30-244,1993,26.7,0,0,0,,0,0,,,,0,0,0,0,0,,0,0,Matches
161,Odsonne Édouard,fr FRA,"FW,MF",Crystal Palace,26-092,1998,16.1,7,49,18,36.7,3.04,1.12,0.14,0.39,13.5,3,0,0,6.2,6.2,0.13,0.8,0.8,Matches
162,John Egan,ie IRL,DF,Sheffield Utd,31-180,1992,5.4,0,3,1,33.3,0.56,0.19,0,0,10.3,0,0,0,0.2,0.2,0.05,-0.2,-0.2,Matches
163,Hjalmar Ekdal,se SWE,DF,Burnley,25-179,1998,4.3,0,2,1,50,0.46,0.23,0,0,16.4,0,0,0,0.1,0.1,0.03,-0.1,-0.1,Matches
164,Anthony Elanga,se SWE,"FW,MF",Nott'ham Forest,21-356,2002,23.9,5,51,21,41.2,2.13,0.88,0.1,0.24,15.8,0,0,0,6.5,6.5,0.13,-1.5,-1.5,Matches
165,Harvey Elliott,eng ENG,"MF,FW",Liverpool,21-013,2003,10.1,2,33,11,33.3,3.27,1.09,0.06,0.18,21.7,1,0,0,1.5,1.5,0.05,0.5,0.5,Matches
166,Mohamed Elneny,eg EGY,MF,Arsenal,31-281,1992,0.3,0,2,1,50,6.43,3.21,0,0,25.8,0,0,0,0.1,0.1,0.04,-0.1,-0.1,Matches
167,Emerson,br BRA,DF,Tottenham,25-094,1999,11.1,1,5,3,60,0.45,0.27,0.2,0.33,21.4,0,0,0,0.2,0.2,0.03,0.8,0.8,Matches
168,Julio Enciso,py PAR,"MF,FW",Brighton,20-085,2004,2.6,0,16,6,37.5,6.1,2.29,0,0,22.3,0,0,0,0.7,0.7,0.04,-0.7,-0.7,Matches
169,Wataru Endo,jp JPN,MF,Liverpool,31-068,1993,14.4,1,9,2,22.2,0.62,0.14,0.11,0.5,21.5,0,0,0,0.5,0.5,0.05,0.5,0.5,Matches
170,Christian Eriksen,dk DEN,MF,Manchester Utd,32-063,1992,9.9,1,9,4,44.4,0.91,0.41,0.11,0.25,21.5,1,0,0,0.7,0.7,0.08,0.3,0.3,Matches
171,Maxime Estève,fr FRA,DF,Burnley,21-327,2002,10.1,0,5,0,0,0.5,0,0,,18.3,0,0,0,0.2,0.2,0.04,-0.2,-0.2,Matches
172,Pervis Estupiñán,ec ECU,DF,Brighton,26-087,1998,13.8,2,11,6,54.5,0.8,0.43,0.18,0.33,18.8,0,0,0,1,1,0.09,1,1,Matches
173,Jonny Evans,nir NIR,DF,Manchester Utd,36-105,1988,12.3,0,1,0,0,0.08,0,0,,5.4,0,0,0,0.1,0.1,0.06,-0.1,-0.1,Matches
174,Eberechi Eze,eng ENG,"MF,FW",Crystal Palace,25-293,1998,18.2,7,59,24,40.7,3.25,1.32,0.1,0.25,20.8,10,1,1,6.8,6,0.1,0.2,0,Matches
175,Łukasz Fabiański,pl POL,GK,West Ham,38-365,1985,7,0,0,0,,0,0,,,,0,0,0,0,0,,0,0,Matches
Rk,Player,Nation,Pos,Squad,Age,Born,90s,Gls,Sh,SoT,SoT%,Sh/90,SoT/90,G/Sh,G/SoT,Dist,FK,PK,PKatt,xG,npxG,npxG/Sh,G-xG,np:G-xG,Matches
176,Romain Faivre,fr FRA,"FW,MF",Bournemouth,25-278,1998,0.4,0,2,0,0,4.62,0,0,,17,0,0,0,0.2,0.2,0.08,-0.2,-0.2,Matches
177,Ansu Fati,es ESP,"MF,FW",Brighton,21-169,2002,5.6,2,25,11,44,4.46,1.96,0.08,0.18,14.6,0,0,0,3.4,3.4,0.14,-1.4,-1.4,Matches
178,Felipe,br BRA,DF,Nott'ham Forest,34-337,1989,4.2,0,3,0,0,0.72,0,0,,16.6,0,0,0,0.1,0.1,0.04,-0.1,-0.1,Matches
179,Evan Ferguson,ie IRL,FW,Brighton,19-181,2004,15.2,6,33,20,60.6,2.17,1.32,0.18,0.3,15.5,0,0,0,4.6,4.6,0.14,1.4,1.4,Matches
180,Bruno Fernandes,pt POR,"MF,FW",Manchester Utd,29-222,1994,31,8,80,30,37.5,2.58,0.97,0.06,0.17,22.6,11,3,4,8.9,5.8,0.07,-0.9,-0.8,Matches
181,Enzo Fernández,ar ARG,MF,Chelsea,23-091,2001,23.8,3,44,13,29.5,1.85,0.55,0.05,0.15,21.4,2,1,2,6.1,4.5,0.1,-3.1,-2.5,Matches
182,John Fleck,sct SCO,"MF,DF",Sheffield Utd,32-237,1991,1,0,0,0,,0,0,,,,0,0,0,0,0,,0,0,Matches
183,Mark Flekken,nl NED,GK,Brentford,30-309,1993,31.5,0,0,0,,0,0,,,,0,0,0,0,0,,0,0,Matches
184,Phil Foden,eng ENG,"FW,MF",Manchester City,23-325,2000,27.2,14,90,38,42.2,3.31,1.4,0.16,0.37,18.4,2,0,0,9,9,0.1,5,5,Matches
185,Wes Foderingham,eng ENG,GK,Sheffield Utd,33-094,1991,24.4,0,0,0,,0,0,,,,0,0,0,0,0,,0,0,Matches
186,Pablo Fornals,es ESP,"MF,FW",West Ham,28-055,1996,4.7,0,7,3,42.9,1.48,0.63,0,0,20.1,0,0,0,0.3,0.3,0.04,-0.3,-0.3,Matches
187,Omari Forson,eng ENG,FW,Manchester Utd,19-272,2004,0.7,0,1,0,0,1.36,0,0,,21.6,0,0,0,0,0,0.03,0,0,Matches
188,Lyle Foster,za RSA,"FW,MF",Burnley,23-227,2000,16.3,4,23,10,43.5,1.41,0.61,0.17,0.4,15.4,0,0,0,2.6,2.6,0.12,1.4,1.4,Matches
189,Matheus França,br BRA,"MF,FW",Crystal Palace,20-016,2004,2.6,0,8,2,25,3.1,0.78,0,0,21.8,0,0,0,0.4,0.4,0.05,-0.4,-0.4,Matches
190,Nathan Fraser,ie IRL,FW,Wolves,19-055,2005,2.1,0,3,2,66.7,1.46,0.97,0,0,16.6,0,0,0,0.3,0.3,0.11,-0.3,-0.3,Matches
191,Cody Gakpo,nl NED,"FW,MF",Liverpool,24-346,1999,13.7,6,45,17,37.8,3.29,1.24,0.13,0.35,15.9,0,0,0,6.3,6.3,0.14,-0.3,-0.3,Matches
192,Conor Gallagher,eng ENG,MF,Chelsea,24-071,2000,27.9,3,40,14,35,1.43,0.5,0.08,0.21,21,0,0,0,3,3,0.07,0,0,Matches
193,Idrissa Gana Gueye,sn SEN,MF,Everton,34-204,1989,15.4,1,20,3,15,1.3,0.2,0.05,0.33,22.2,0,0,0,1.1,1.1,0.05,-0.1,-0.1,Matches
194,Alejandro Garnacho,ar ARG,FW,Manchester Utd,19-291,2004,22.6,7,74,19,25.7,3.28,0.84,0.09,0.37,15.7,0,0,0,6.5,6.4,0.09,0.5,0.6,Matches
195,James Garner,eng ENG,MF,Everton,23-035,2001,28.5,1,33,10,30.3,1.16,0.35,0.03,0.1,22.3,4,0,0,2.3,2.3,0.07,-1.3,-1.3,Matches
196,Saman Ghoddos,ir IRN,DF,Brentford,30-224,1993,7.9,1,9,2,22.2,1.14,0.25,0.11,0.5,22.5,0,0,0,0.3,0.3,0.03,0.7,0.7,Matches
197,Morgan Gibbs-White,eng ENG,"MF,FW",Nott'ham Forest,24-081,2000,30.1,5,58,12,20.7,1.93,0.4,0.07,0.33,20.2,3,1,1,5.9,5.1,0.09,-0.9,-1.1,Matches
198,Bryan Gil,es ESP,"FW,MF",Tottenham,23-066,2001,2.2,0,3,1,33.3,1.38,0.46,0,0,11.4,0,0,0,0.7,0.7,0.24,-0.7,-0.7,Matches
199,Alfie Gilchrist,eng ENG,DF,Chelsea,20-141,2003,0.5,1,3,1,33.3,6.28,2.09,0.33,1,12.5,0,0,0,0.2,0.2,0.07,0.8,0.8,Matches
200,Billy Gilmour,sct SCO,MF,Brighton,22-311,2001,19.8,0,23,5,21.7,1.16,0.25,0,0,25.7,0,0,0,0.9,0.9,0.04,-0.9,-0.9,Matches
Rk,Player,Nation,Pos,Squad,Age,Born,90s,Gls,Sh,SoT,SoT%,Sh/90,SoT/90,G/Sh,G/SoT,Dist,FK,PK,PKatt,xG,npxG,npxG/Sh,G-xG,np:G-xG,Matches
201,Ben Godfrey,eng ENG,DF,Everton,26-093,1998,9.4,0,10,3,30,1.06,0.32,0,0,12.2,0,0,0,1.4,1.4,0.15,-1.4,-1.4,Matches
202,André Gomes,pt POR,"MF,FW",Everton,30-262,1993,4.3,1,8,4,50,1.87,0.94,0.13,0.25,22.4,2,0,0,0.3,0.3,0.04,0.7,0.7,Matches
203,João Gomes,br BRA,MF,Wolves,23-065,2001,23.7,2,21,6,28.6,0.88,0.25,0.1,0.33,19.3,0,0,0,1.4,1.4,0.07,0.6,0.6,Matches
204,Toti Gomes,pt POR,DF,Wolves,25-092,1999,24.8,0,8,3,37.5,0.32,0.12,0,0,7.6,0,0,0,1.2,1.2,0.15,-1.2,-1.2,Matches
205,Joe Gomez,eng ENG,DF,Liverpool,26-330,1997,18.2,0,17,1,5.9,0.93,0.05,0,0,19.9,0,0,0,0.7,0.7,0.04,-0.7,-0.7,Matches
206,Sergio Gómez,es ESP,FW,Manchester City,23-226,2000,0.5,0,2,0,0,4.39,0,0,,15.4,0,0,0,0.2,0.2,0.12,-0.2,-0.2,Matches
207,Anthony Gordon,eng ENG,FW,Newcastle Utd,23-053,2001,27.3,10,70,26,37.1,2.57,0.95,0.13,0.35,17.4,0,1,1,9,8.2,0.12,1,0.8,Matches
208,Kaide Gordon,eng ENG,FW,Liverpool,19-195,2004,0,0,0,0,,0,0,,,,0,0,0,0,0,,0,0,Matches
209,Daniel Gore,eng ENG,MF,Manchester Utd,19-204,2004,0,0,0,0,,0,0,,,,0,0,0,0,0,,0,0,Matches
210,Ryan Gravenberch,nl NED,MF,Liverpool,21-337,2002,10.1,0,17,7,41.2,1.69,0.7,0,0,20.5,0,0,0,1.6,1.6,0.09,-1.6,-1.6,Matches
211,Ivo Grbić,hr CRO,GK,Sheffield Utd,28-090,1996,7.6,0,0,0,,0,0,,,,0,0,0,0,0,,0,0,Matches
212,Jack Grealish,eng ENG,FW,Manchester City,28-220,1995,10.2,3,22,5,22.7,2.16,0.49,0.14,0.6,16.1,0,0,0,2.1,2.1,0.09,0.9,0.9,Matches
213,Pascal Groß,de GER,"MF,DF",Brighton,32-307,1991,28.6,4,48,16,33.3,1.68,0.56,0.06,0.19,20,4,1,1,5.5,4.7,0.1,-1.5,-1.7,Matches
214,Marc Guéhi,eng ENG,DF,Crystal Palace,23-279,2000,21.2,0,5,0,0,0.24,0,0,,9.7,0,0,0,0.6,0.6,0.13,-0.6,-0.6,Matches
215,Bruno Guimarães,br BRA,MF,Newcastle Utd,26-153,1997,30.3,4,36,11,30.6,1.19,0.36,0.11,0.36,18.3,0,0,0,3.2,3.2,0.09,0.8,0.8,Matches
216,Malo Gusto,fr FRA,DF,Chelsea,20-334,2003,17.9,0,11,2,18.2,0.61,0.11,0,0,18.8,0,0,0,0.7,0.7,0.07,-0.7,-0.7,Matches
217,Joško Gvardiol,hr CRO,DF,Manchester City,22-085,2002,19.9,1,25,9,36,1.26,0.45,0.04,0.11,17.4,0,0,0,1.7,1.7,0.07,-0.7,-0.7,Matches
218,Erling Haaland,no NOR,FW,Manchester City,23-271,2000,24.2,20,97,42,43.3,4,1.73,0.16,0.38,11.7,1,4,5,23.6,19.7,0.2,-3.6,-3.7,Matches
219,Antwoine Hackford,eng ENG,FW,Sheffield Utd,20-028,2004,0.1,0,0,0,,0,0,,,,0,0,0,0,0,,0,0,Matches
220,Lewis Hall,eng ENG,DF,Newcastle Utd,19-222,2004,3.5,0,1,1,100,0.29,0.29,0,0,20.2,0,0,0,0,0,0.02,0,0,Matches
221,Gustavo Hamer,nl NED,MF,Sheffield Utd,26-298,1997,26.6,3,38,9,23.7,1.43,0.34,0.08,0.33,23.5,4,0,0,2.4,2.4,0.06,0.6,0.6,Matches
222,Luke Harris,wls WAL,MF,Fulham,19-014,2005,0.8,0,1,1,100,1.2,1.2,0,0,11.2,0,0,0,0.3,0.3,0.28,-0.3,-0.3,Matches
223,Jack Harrison,eng ENG,"MF,FW",Everton,27-149,1996,20.6,3,26,8,30.8,1.26,0.39,0.12,0.38,17.5,1,0,0,3.2,3.2,0.12,-0.2,-0.2,Matches
224,Daiki Hashioka,jp JPN,DF,Luton Town,24-336,1999,4.7,0,2,0,0,0.43,0,0,,18.1,0,0,0,0.1,0.1,0.05,-0.1,-0.1,Matches
225,Kai Havertz,de GER,"MF,FW",Arsenal,24-311,1999,23.5,9,47,17,36.2,2,0.72,0.17,0.47,12.3,0,1,1,9.2,8.4,0.18,-0.2,-0.4,Matches
Rk,Player,Nation,Pos,Squad,Age,Born,90s,Gls,Sh,SoT,SoT%,Sh/90,SoT/90,G/Sh,G/SoT,Dist,FK,PK,PKatt,xG,npxG,npxG/Sh,G-xG,np:G-xG,Matches
226,Jan Paul van Hecke,nl NED,DF,Brighton,23-314,2000,25.3,0,15,6,40,0.59,0.24,0,0,11.3,0,0,0,1.2,1.2,0.08,-1.2,-1.2,Matches
227,Hwang Hee-chan,kr KOR,"FW,MF",Wolves,28-082,1996,18.4,10,36,12,33.3,1.96,0.65,0.25,0.75,12.5,0,1,1,6.5,5.7,0.16,3.5,3.3,Matches
228,Dean Henderson,eng ENG,GK,Crystal Palace,27-036,1997,12,0,0,0,,0,0,,,,0,0,0,0,0,,0,0,Matches
229,Rico Henry,eng ENG,DF,Brentford,26-284,1997,4.5,0,2,0,0,0.45,0,0,,19.2,0,0,0,0.1,0.1,0.04,-0.1,-0.1,Matches
230,Son Heung-min,kr KOR,FW,Tottenham,31-284,1992,26.6,15,70,32,45.7,2.63,1.2,0.2,0.44,15.1,0,1,1,9.3,8.5,0.12,5.7,5.5,Matches
231,Aaron Hickey,sct SCO,DF,Brentford,21-312,2002,7.9,0,7,1,14.3,0.88,0.13,0,0,25.3,0,0,0,0.2,0.2,0.03,-0.2,-0.2,Matches
232,James Hill,eng ENG,DF,Bournemouth,22-098,2002,0.8,0,0,0,,0,0,,,,0,0,0,0,0,,0,0,Matches
233,Jack Hinshelwood,eng ENG,DF,Brighton,19-006,2005,9.7,3,14,8,57.1,1.45,0.83,0.21,0.38,9.2,0,0,0,1.9,1.9,0.14,1.1,1.1,Matches
234,Mason Holgate,eng ENG,DF,Sheffield Utd,27-178,1996,5.9,0,2,0,0,0.34,0,0,,7.1,0,0,0,0.4,0.4,0.22,-0.4,-0.4,Matches
235,Callum Hudson-Odoi,eng ENG,FW,Nott'ham Forest,23-162,2000,15.8,5,26,15,57.7,1.64,0.95,0.19,0.33,17.5,1,0,0,2.1,2.1,0.08,2.9,2.9,Matches
236,Will Hughes,eng ENG,MF,Crystal Palace,29-000,1995,17.2,0,4,2,50,0.23,0.12,0,0,18.4,0,0,0,0.2,0.2,0.05,-0.2,-0.2,Matches
237,Pierre Højbjerg,dk DEN,MF,Tottenham,28-256,1995,12.3,0,16,5,31.3,1.3,0.41,0,0,27,2,0,0,0.6,0.6,0.04,-0.6,-0.6,Matches
238,Rasmus Højlund,dk DEN,FW,Manchester Utd,21-073,2003,20,7,31,16,51.6,1.55,0.8,0.23,0.44,11.4,0,0,0,6.7,6.7,0.22,0.3,0.3,Matches
239,Igor,br BRA,DF,Brighton,26-070,1998,13,0,4,0,0,0.31,0,0,,22.6,0,0,0,0.2,0.2,0.05,-0.2,-0.2,Matches
240,Danny Ings,eng ENG,FW,West Ham,31-269,1992,3.9,1,12,4,33.3,3.04,1.01,0.08,0.25,13.4,0,0,0,1.3,1.3,0.11,-0.3,-0.3,Matches
241,Tim Iroegbunam,eng ENG,MF,Aston Villa,20-292,2003,1.4,0,0,0,,0,0,,,,0,0,0,0,0,,0,0,Matches
242,Alexander Isak,se SWE,FW,Newcastle Utd,24-209,1999,19.6,17,56,28,50,2.86,1.43,0.23,0.46,13.8,0,4,4,15.9,12.7,0.23,1.1,0.3,Matches
243,Alex Iwobi,ng NGA,MF,Everton,27-350,1996,1.6,0,4,2,50,2.57,1.29,0,0,16.2,0,0,0,0.3,0.3,0.08,-0.3,-0.3,Matches
244,Alex Iwobi,ng NGA,"FW,MF",Fulham,27-350,1996,19.4,5,47,16,34,2.42,0.82,0.11,0.31,18.3,0,0,0,5.1,5.1,0.11,-0.1,-0.1,Matches
245,Nicolas Jackson,sn SEN,FW,Chelsea,22-302,2001,24.1,10,60,30,50,2.49,1.24,0.17,0.33,12.8,0,0,0,13.9,13.9,0.23,-3.9,-3.9,Matches
246,Reece James,eng ENG,DF,Chelsea,24-131,1999,4.3,0,7,1,14.3,1.62,0.23,0,0,20.9,3,0,0,0.3,0.3,0.04,-0.3,-0.3,Matches
247,Vitaly Janelt,de GER,"MF,DF",Brentford,25-343,1998,29.7,0,19,6,31.6,0.64,0.2,0,0,17.7,0,0,0,1.5,1.5,0.08,-1.5,-1.5,Matches
248,Mathias Jensen,dk DEN,MF,Brentford,28-107,1996,21.6,3,13,7,53.8,0.6,0.32,0.23,0.43,28,3,0,0,0.6,0.6,0.04,2.4,2.4,Matches
249,Gabriel Jesus,br BRA,FW,Arsenal,27-014,1997,15,4,52,19,36.5,3.46,1.26,0.08,0.21,11.9,0,0,0,6.2,6.2,0.12,-2.2,-2.2,Matches
250,Raúl Jiménez,mx MEX,FW,Fulham,32-348,1991,14.2,5,37,15,40.5,2.6,1.06,0.14,0.33,15,0,0,0,4.5,4.5,0.12,0.5,0.5,Matches
Rk,Player,Nation,Pos,Squad,Age,Born,90s,Gls,Sh,SoT,SoT%,Sh/90,SoT/90,G/Sh,G/SoT,Dist,FK,PK,PKatt,xG,npxG,npxG/Sh,G-xG,np:G-xG,Matches
251,João Pedro,br BRA,"FW,MF",Brighton,22-204,2001,17.8,8,56,18,32.1,3.15,1.01,0.07,0.22,14.9,0,4,4,9,5.8,0.1,-1,-1.8,Matches
252,Joelinton,br BRA,"MF,FW",Newcastle Utd,27-247,1996,12.6,2,15,5,33.3,1.19,0.4,0.13,0.4,16,0,0,0,2.3,2.3,0.15,-0.3,-0.3,Matches
253,Ryan John Giles,eng ENG,"DF,MF",Luton Town,24-082,2000,5.6,0,2,2,100,0.36,0.36,0,0,14.2,0,0,0,0.1,0.1,0.05,-0.1,-0.1,Matches
254,Ben Johnson,eng ENG,"DF,FW",West Ham,24-084,2000,5.5,0,6,2,33.3,1.08,0.36,0,0,24.1,0,0,0,0.2,0.2,0.03,-0.2,-0.2,Matches
255,Brennan Johnson,wls WAL,FW,Tottenham,22-330,2001,17.6,5,40,17,42.5,2.27,0.96,0.13,0.29,13.5,0,0,0,7.8,7.8,0.2,-2.8,-2.8,Matches
256,Brennan Johnson,wls WAL,"FW,MF",Nott'ham Forest,22-330,2001,2.6,0,3,0,0,1.14,0,0,,19.7,0,0,0,0.3,0.3,0.11,-0.3,-0.3,Matches
257,Joseph Johnson,eng ENG,DF,Luton Town,18-056,2006,0,0,0,0,,0,0,,,,0,0,0,0,0,,0,0,Matches
258,Sam Johnstone,eng ENG,GK,Crystal Palace,31-023,1993,20,0,0,0,,0,0,,,,0,0,0,0,0,,0,0,Matches
259,Curtis Jones,eng ENG,MF,Liverpool,23-078,2001,12,1,17,4,23.5,1.42,0.33,0.06,0.25,16.5,0,0,0,2.5,2.5,0.15,-1.5,-1.5,Matches
260,Jorginho,it ITA,MF,Arsenal,32-119,1991,10,0,4,0,0,0.4,0,0,,24.6,0,0,0,0.1,0.1,0.02,-0.1,-0.1,Matches
261,Diogo Jota,pt POR,FW,Liverpool,27-135,1996,11.9,9,38,17,44.7,3.19,1.43,0.24,0.53,12.4,0,0,0,4.9,4.9,0.13,4.1,4.1,Matches
262,Mads Juel Andersen,dk DEN,DF,Luton Town,26-112,1997,4.4,1,3,1,33.3,0.68,0.23,0.33,1,9.2,0,0,0,0.3,0.3,0.09,0.7,0.7,Matches
263,Hamed Junior Traorè,ci CIV,MF,Bournemouth,24-061,2000,0.5,0,3,2,66.7,5.74,3.83,0,0,25.9,0,0,0,0.2,0.2,0.06,-0.2,-0.2,Matches
264,Mathias Jørgensen,dk DEN,DF,Brentford,33-360,1990,11.1,1,8,2,25,0.72,0.18,0.13,0.5,14.2,0,0,0,0.7,0.7,0.09,0.3,0.3,Matches
265,Issa Kaboré,bf BFA,DF,Luton Town,22-341,2001,18.8,0,6,1,16.7,0.32,0.05,0,0,15.8,0,0,0,0.2,0.2,0.04,-0.2,-0.2,Matches
266,Sasa Kalajdzic,at AUT,FW,Wolves,26-285,1997,1.8,2,4,2,50,2.17,1.08,0.5,1,11.2,0,0,0,1.1,1.1,0.26,0.9,0.9,Matches
267,Boubacar Kamara,fr FRA,MF,Aston Villa,24-146,1999,18.4,0,5,1,20,0.27,0.05,0,0,16.7,0,0,0,0.1,0.1,0.03,-0.1,-0.1,Matches
268,Willy Kambwala,fr FRA,DF,Manchester Utd,19-236,2004,3.5,0,0,0,,0,0,,,,0,0,0,0,0,,0,0,Matches
269,Thomas Kaminski,be BEL,GK,Luton Town,31-177,1992,33,0,0,0,,0,0,,,,0,0,0,0,0,,0,0,Matches
270,Loris Karius,de GER,GK,Newcastle Utd,30-300,1993,1,0,0,0,,0,0,,,,0,0,0,0,0,,0,0,Matches
271,Michael Keane,eng ENG,DF,Everton,31-097,1993,4.9,1,6,4,66.7,1.23,0.82,0.17,0.25,10.8,0,0,0,0.7,0.7,0.12,0.3,0.3,Matches
272,Thilo Kehrer,de GER,"DF,MF",West Ham,27-209,1996,0.2,0,0,0,,0,0,,,,0,0,0,0,0,,0,0,Matches
273,Caoimhín Kelleher,ie IRL,GK,Liverpool,25-146,1998,10,0,0,0,,0,0,,,,0,0,0,0,0,,0,0,Matches
274,Lloyd Kelly,eng ENG,DF,Bournemouth,25-194,1998,14.1,0,3,1,33.3,0.21,0.07,0,0,9.1,0,0,0,0.3,0.3,0.1,-0.3,-0.3,Matches
275,Omari Kellyman,eng ENG,FW,Aston Villa,18-215,2005,0.2,0,1,0,0,6.43,0,0,,20.8,0,0,0,0.1,0.1,0.07,-0.1,-0.1,Matches
Rk,Player,Nation,Pos,Squad,Age,Born,90s,Gls,Sh,SoT,SoT%,Sh/90,SoT/90,G/Sh,G/SoT,Dist,FK,PK,PKatt,xG,npxG,npxG/Sh,G-xG,np:G-xG,Matches
276,Milos Kerkez,hu HUN,DF,Bournemouth,20-162,2003,19,0,13,4,30.8,0.68,0.21,0,0,18.5,0,0,0,1,1,0.08,-1,-1,Matches
277,Kaine Kesler-Hayden,eng ENG,DF,Aston Villa,21-177,2002,0,0,0,0,,0,0,,,,0,0,0,0,0,,0,0,Matches
278,Max Kilman,eng ENG,DF,Wolves,26-330,1997,32,2,13,5,38.5,0.41,0.16,0.15,0.4,9.5,0,0,0,1.8,1.8,0.14,0.2,0.2,Matches
279,Jakub Kiwior,pl POL,DF,Arsenal,24-062,2000,9.5,1,6,2,33.3,0.63,0.21,0.17,0.5,13.8,0,0,0,0.8,0.8,0.14,0.2,0.2,Matches
280,Justin Kluivert,nl NED,"MF,FW",Bournemouth,24-348,1999,16.3,6,42,15,35.7,2.58,0.92,0.14,0.4,17.4,2,0,0,4.7,4.7,0.11,1.3,1.3,Matches
281,Luca Koleosho,it ITA,"MF,FW",Burnley,19-215,2004,10.8,1,23,5,21.7,2.13,0.46,0.04,0.2,18.5,0,0,0,2,2,0.09,-1,-1,Matches
282,Ibrahima Konaté,fr FRA,DF,Liverpool,24-328,1999,16.8,0,11,2,18.2,0.65,0.12,0,0,11.6,0,0,0,0.7,0.7,0.06,-0.7,-0.7,Matches
283,Ezri Konsa,eng ENG,DF,Aston Villa,26-177,1997,29.1,1,17,5,29.4,0.58,0.17,0.06,0.2,11.6,0,0,0,2.4,2.4,0.14,-1.4,-1.4,Matches
284,Cheikhou Kouyaté,sn SEN,MF,Nott'ham Forest,34-118,1989,2.3,0,5,1,20,2.15,0.43,0,0,19.8,0,0,0,0.3,0.3,0.06,-0.3,-0.3,Matches
285,Mateo Kovačić,hr CRO,MF,Manchester City,29-347,1994,12.8,1,19,4,21.1,1.48,0.31,0.05,0.25,20.9,0,0,0,1.2,1.2,0.06,-0.2,-0.2,Matches
286,Emil Krafth,se SWE,DF,Newcastle Utd,29-259,1994,4.6,0,3,0,0,0.65,0,0,,18.6,0,0,0,0.2,0.2,0.06,-0.2,-0.2,Matches
287,Dejan Kulusevski,se SWE,"FW,MF",Tottenham,23-358,2000,25.8,6,46,17,37,1.78,0.66,0.13,0.35,15.8,0,0,0,3.6,3.6,0.08,2.4,2.4,Matches
288,Adam Lallana,eng ENG,MF,Brighton,35-343,1988,8.3,0,8,2,25,0.96,0.24,0,0,18.4,0,0,0,0.5,0.5,0.07,-0.5,-0.5,Matches
289,Tariq Lamptey,gh GHA,"DF,FW",Brighton,23-200,2000,8.5,0,6,0,0,0.7,0,0,,18.2,0,0,0,0.4,0.4,0.07,-0.4,-0.4,Matches
290,Aymeric Laporte,es ESP,DF,Manchester City,29-326,1994,0.1,0,1,1,100,7.5,7.5,0,0,10.8,0,0,0,0,0,0.04,0,0,Matches
291,Yasser Larouci,dz ALG,DF,Sheffield Utd,23-107,2001,5.3,0,6,1,16.7,1.13,0.19,0,0,19.1,0,0,0,0.2,0.2,0.04,-0.2,-0.2,Matches
292,Jamaal Lascelles,eng ENG,DF,Newcastle Utd,30-158,1993,12,1,6,1,16.7,0.5,0.08,0.17,1,9.3,0,0,0,0.7,0.7,0.12,0.3,0.3,Matches
293,Roméo Lavia,be BEL,MF,Chelsea,20-102,2004,0.4,0,0,0,,0,0,,,,0,0,0,0,0,,0,0,Matches
294,Mario Lemina,ga GAB,MF,Wolves,30-229,1993,28,4,41,15,36.6,1.46,0.54,0.1,0.27,15.9,0,0,0,4.4,4.4,0.11,-0.4,-0.4,Matches
295,Clément Lenglet,fr FRA,DF,Aston Villa,28-305,1995,11.8,0,8,2,25,0.68,0.17,0,0,10.5,0,0,0,0.9,0.9,0.11,-0.9,-0.9,Matches
296,Bernd Leno,de GER,GK,Fulham,32-044,1992,33,0,0,0,,0,0,,,,0,0,0,0,0,,0,0,Matches
297,Jefferson Lerma,co COL,"MF,DF",Crystal Palace,29-175,1994,26.5,1,34,9,26.5,1.28,0.34,0.03,0.11,19.7,0,0,0,2.7,2.7,0.08,-1.7,-1.7,Matches
298,Rico Lewis,eng ENG,"DF,MF",Manchester City,19-148,2004,8.8,2,5,4,80,0.57,0.46,0.4,0.5,15.5,0,0,0,0.6,0.6,0.13,1.4,1.4,Matches
299,Keane Lewis-Potter,eng ENG,"DF,FW",Brentford,23-055,2001,13.6,2,34,15,44.1,2.51,1.11,0.06,0.13,13,0,0,0,4.3,4.3,0.13,-2.3,-2.3,Matches
300,Victor Lindelöf,se SWE,DF,Manchester Utd,29-275,1994,14.8,1,6,4,66.7,0.41,0.27,0.17,0.25,10.4,0,0,0,0.8,0.8,0.13,0.2,0.2,Matches
Rk,Player,Nation,Pos,Squad,Age,Born,90s,Gls,Sh,SoT,SoT%,Sh/90,SoT/90,G/Sh,G/SoT,Dist,FK,PK,PKatt,xG,npxG,npxG/Sh,G-xG,np:G-xG,Matches
301,Valentino Livramento,eng ENG,DF,Newcastle Utd,21-157,2002,11.6,1,3,1,33.3,0.26,0.09,0.33,1,13.1,0,0,0,0.3,0.3,0.09,0.7,0.7,Matches
302,Giovani Lo Celso,ar ARG,MF,Tottenham,28-008,1996,5.3,2,10,5,50,1.9,0.95,0.2,0.4,22.2,0,0,0,0.5,0.5,0.05,1.5,1.5,Matches
303,Tom Lockyer,wls WAL,DF,Luton Town,29-136,1994,13,1,7,1,14.3,0.54,0.08,0.14,1,8.5,0,0,0,1.1,1.1,0.15,-0.1,-0.1,Matches
304,Sean Longstaff,eng ENG,MF,Newcastle Utd,26-170,1997,25.1,4,31,11,35.5,1.24,0.44,0.13,0.36,15.5,0,0,0,4.4,4.4,0.14,-0.4,-0.4,Matches
305,Max Lowe,eng ENG,"DF,MF",Sheffield Utd,26-342,1997,4.4,0,2,0,0,0.45,0,0,,10.4,0,0,0,0.6,0.6,0.29,-0.6,-0.6,Matches
306,Douglas Luiz,br BRA,MF,Aston Villa,25-344,1998,29.6,9,43,13,30.2,1.45,0.44,0.12,0.38,23.5,5,4,4,6.8,3.7,0.09,2.2,1.3,Matches
307,Saša Lukić,rs SRB,MF,Fulham,27-248,1996,10.4,1,11,3,27.3,1.06,0.29,0.09,0.33,17.4,0,0,0,1.5,1.5,0.14,-0.5,-0.5,Matches
308,Ian Maatsen,nl NED,"FW,MF",Chelsea,22-038,2002,2.3,0,5,0,0,2.15,0,0,,17.1,0,0,0,0.8,0.8,0.16,-0.8,-0.8,Matches
309,Alexis Mac Allister,ar ARG,MF,Liverpool,25-115,1998,24.1,4,33,6,18.2,1.37,0.25,0.09,0.5,24.7,2,1,1,2.7,1.9,0.06,1.3,1.1,Matches
310,James Maddison,eng ENG,MF,Tottenham,27-146,1996,19.5,4,47,20,42.6,2.42,1.03,0.09,0.2,19,2,0,0,4.7,4.7,0.1,-0.7,-0.7,Matches
311,Noni Madueke,eng ENG,FW,Chelsea,22-038,2002,5.9,3,17,6,35.3,2.88,1.02,0.12,0.33,19.8,0,1,1,1.5,0.7,0.04,1.5,1.3,Matches
312,Gabriel Magalhães,br BRA,DF,Arsenal,26-120,1997,28.2,4,28,10,35.7,0.99,0.35,0.14,0.4,7.5,0,0,0,4,4,0.14,0,0,Matches
313,Harry Maguire,eng ENG,DF,Manchester Utd,31-043,1993,16.4,1,19,2,10.5,1.16,0.12,0.05,0.5,11.8,0,0,0,1.9,1.9,0.1,-0.9,-0.9,Matches
314,Kobbie Mainoo,eng ENG,MF,Manchester Utd,18-364,2005,15.9,2,8,4,50,0.5,0.25,0.25,0.5,22.9,0,0,0,0.3,0.3,0.04,1.7,1.7,Matches
315,Orel Mangala,be BEL,MF,Nott'ham Forest,26-030,1998,17.4,1,10,1,10,0.58,0.06,0.1,1,18.9,0,0,0,0.8,0.8,0.08,0.2,0.2,Matches
316,Benson Manuel,be BEL,"MF,FW",Burnley,27-020,1997,1.1,0,4,2,50,3.71,1.86,0,0,24,0,0,0,0.1,0.1,0.02,-0.1,-0.1,Matches
317,Solly March,eng ENG,"FW,DF",Brighton,29-272,1994,6.2,3,14,6,42.9,2.27,0.97,0.21,0.5,16.6,1,0,0,2,2,0.14,1,1,Matches
318,Anthony Martial,fr FRA,FW,Manchester Utd,28-134,1995,5,1,6,4,66.7,1.21,0.8,0.17,0.25,12.9,0,0,0,1.2,1.2,0.2,-0.2,-0.2,Matches
319,Gabriel Martinelli,br BRA,FW,Arsenal,22-304,2001,20.3,6,50,15,30,2.46,0.74,0.12,0.4,15.8,0,0,0,5.7,5.7,0.11,0.3,0.3,Matches
320,Emiliano Martínez,ar ARG,GK,Aston Villa,31-228,1992,31,0,0,0,,0,0,,,,0,0,0,0,0,,0,0,Matches
321,Lisandro Martínez,ar ARG,DF,Manchester Utd,26-090,1998,6.4,0,0,0,,0,0,,,,0,0,0,0,0,,0,0,Matches
322,Han-Noah Massengo,fr FRA,"MF,DF",Burnley,22-285,2001,0.2,0,0,0,,0,0,,,,0,0,0,0,0,,0,0,Matches
323,Pape Matar Sarr,sn SEN,MF,Tottenham,21-216,2002,18.4,3,32,12,37.5,1.74,0.65,0.09,0.25,17.3,0,0,0,2.9,2.9,0.09,0.1,0.1,Matches
324,Jean-Philippe Mateta,fr FRA,FW,Crystal Palace,26-294,1997,20.5,7,31,14,45.2,1.51,0.68,0.16,0.36,13.2,0,2,2,7,5.5,0.18,0,-0.5,Matches
325,Joël Matip,cm CMR,DF,Liverpool,32-253,1991,8.7,0,5,0,0,0.58,0,0,,10.6,0,0,0,0.5,0.5,0.1,-0.5,-0.5,Matches
Rk,Player,Nation,Pos,Squad,Age,Born,90s,Gls,Sh,SoT,SoT%,Sh/90,SoT/90,G/Sh,G/SoT,Dist,FK,PK,PKatt,xG,npxG,npxG/Sh,G-xG,np:G-xG,Matches
326,Alex Matos,eng ENG,MF,Chelsea,19-197,2004,0,0,0,0,,0,0,,,,0,0,0,0,0,,0,0,Matches
327,Remi Matthews,eng ENG,GK,Crystal Palace,30-067,1994,0,0,0,0,,0,0,,,,0,0,0,0,0,,0,0,Matches
328,Neal Maupay,fr FRA,FW,Brentford,27-247,1996,14.4,6,35,14,40,2.43,0.97,0.17,0.43,13.8,1,0,0,5.7,5.7,0.16,0.3,0.3,Matches
329,Neal Maupay,fr FRA,FW,Everton,27-247,1996,1.2,0,5,4,80,4.05,3.24,0,0,12.5,0,0,0,1.4,1.4,0.29,-1.4,-1.4,Matches
330,Konstantinos Mavropanos,gr GRE,DF,West Ham,26-128,1997,15.7,1,11,2,18.2,0.7,0.13,0.09,0.5,9.2,0,0,0,1.2,1.2,0.11,-0.2,-0.2,Matches
331,Bryan Mbeumo,cm CMR,FW,Brentford,24-254,1999,16.8,8,42,14,33.3,2.5,0.83,0.12,0.36,17.2,4,3,3,9,6.6,0.16,-1,-1.6,Matches
332,James Mcatee,eng ENG,"MF,FW",Sheffield Utd,21-182,2002,18.7,3,22,7,31.8,1.18,0.37,0.09,0.29,18.2,2,1,1,2.9,2.1,0.1,0.1,-0.1,Matches
333,James Mcatee,eng ENG,MF,Manchester City,21-182,2002,0,0,0,0,,0,0,,,,0,0,0,0,0,,0,0,Matches
334,Oliver McBurnie,sct SCO,FW,Sheffield Utd,27-318,1996,13.4,6,27,13,48.1,2.02,0.97,0.15,0.31,12.4,0,2,2,5.8,4.2,0.16,0.2,-0.2,Matches
335,James McConnell,eng ENG,MF,Liverpool,19-217,2004,0,0,0,0,,0,0,,,,0,0,0,0,0,,0,0,Matches
336,John McGinn,sct SCO,"MF,FW",Aston Villa,29-182,1994,28.4,6,36,14,38.9,1.27,0.49,0.17,0.43,19.7,3,0,0,4.3,4.3,0.12,1.7,1.7,Matches
337,Scott McKenna,sct SCO,DF,Nott'ham Forest,27-157,1996,4.6,0,2,0,0,0.43,0,0,,10.8,0,0,0,0.2,0.2,0.1,-0.2,-0.2,Matches
338,Dwight McNeil,eng ENG,"MF,FW",Everton,24-147,1999,26.4,2,47,11,23.4,1.78,0.42,0.04,0.18,21,0,0,0,3,3,0.06,-1,-1,Matches
339,Scott McTominay,sct SCO,"MF,FW",Manchester Utd,27-131,1996,17.5,7,36,17,47.2,2.05,0.97,0.19,0.41,14.5,0,0,0,5.1,5.1,0.15,1.9,1.9,Matches
340,Ben Mee,eng ENG,DF,Brentford,34-209,1989,14.1,2,10,2,20,0.71,0.14,0.2,1,12.7,0,0,0,1.5,1.5,0.15,0.5,0.5,Matches
341,Hannibal Mejbri,tn TUN,"MF,FW",Manchester Utd,21-087,2003,1.5,1,1,1,100,0.68,0.68,1,1,28.7,0,0,0,0,0,0.03,1,1,Matches
342,Teden Mengi,eng ENG,DF,Luton Town,21-353,2002,23.3,1,8,3,37.5,0.34,0.13,0.13,0.33,17.7,0,0,0,0.4,0.4,0.05,0.6,0.6,Matches
343,Chris Mepham,wls WAL,DF,Bournemouth,26-164,1997,6.9,0,1,1,100,0.15,0.15,0,0,8.8,0,0,0,0.1,0.1,0.09,-0.1,-0.1,Matches
344,Lewis Miley,eng ENG,MF,Newcastle Utd,17-352,2006,13.4,1,13,3,23.1,0.97,0.22,0.08,0.33,15.4,0,0,0,1.2,1.2,0.1,-0.2,-0.2,Matches
345,James Milner,eng ENG,"DF,MF",Brighton,38-104,1986,8.6,0,5,1,20,0.58,0.12,0,0,17.2,0,0,0,0.3,0.3,0.06,-0.3,-0.3,Matches
346,Tyrone Mings,eng ENG,DF,Aston Villa,31-035,1993,0.3,0,1,0,0,3,0,0,,18.4,0,0,0,0,0,0.01,0,0,Matches
347,Tyrick Mitchell,eng ENG,"DF,MF",Crystal Palace,24-229,1999,29.9,1,5,2,40,0.17,0.07,0.2,0.5,13.1,0,0,0,0.7,0.7,0.14,0.3,0.3,Matches
348,Kaoru Mitoma,jp JPN,FW,Brighton,26-333,1997,16.5,3,34,15,44.1,2.06,0.91,0.09,0.2,13.2,0,0,0,3.5,3.5,0.1,-0.5,-0.5,Matches
349,Aleksandar Mitrović,rs SRB,FW,Fulham,29-214,1994,0.4,0,2,1,50,5.45,2.73,0,0,11,0,0,0,0.2,0.2,0.08,-0.2,-0.2,Matches
350,Jakub Moder,pl POL,MF,Brighton,25-010,1999,5,0,9,2,22.2,1.82,0.4,0,0,17.4,1,0,0,0.5,0.5,0.05,-0.5,-0.5,Matches
Rk,Player,Nation,Pos,Squad,Age,Born,90s,Gls,Sh,SoT,SoT%,Sh/90,SoT/90,G/Sh,G/SoT,Dist,FK,PK,PKatt,xG,npxG,npxG/Sh,G-xG,np:G-xG,Matches
351,Kudus Mohammed,gh GHA,"FW,MF",West Ham,23-259,2000,22.7,7,56,13,23.2,2.47,0.57,0.13,0.54,18.5,0,0,0,4.1,4.1,0.07,2.9,2.9,Matches
352,Gonzalo Montiel,ar ARG,DF,Nott'ham Forest,27-107,1997,5.6,0,2,0,0,0.36,0,0,,17.2,0,0,0,0.1,0.1,0.05,-0.1,-0.1,Matches
353,Kieffer Moore,wls WAL,"FW,MF",Bournemouth,31-253,1992,1.2,1,6,2,33.3,5,1.67,0.17,0.5,12.5,0,0,0,1.5,1.5,0.25,-0.5,-0.5,Matches
354,Álex Moreno,es ESP,DF,Aston Villa,30-314,1993,11.4,2,8,4,50,0.7,0.35,0.25,0.5,12.3,0,0,0,1.1,1.1,0.14,0.9,0.9,Matches
355,Carlton Morris,eng ENG,"FW,MF",Luton Town,28-123,1995,26.8,9,56,21,37.5,2.09,0.78,0.09,0.24,13,0,4,4,9.4,6.3,0.11,-0.4,-1.3,Matches
356,Mason Mount,eng ENG,"MF,FW",Manchester Utd,25-098,1999,4.8,1,4,1,25,0.83,0.21,0.25,1,12.5,0,0,0,0.3,0.3,0.08,0.7,0.7,Matches
357,Divin Mubama,eng ENG,FW,West Ham,19-175,2004,0.9,0,1,0,0,1.13,0,0,,12.5,0,0,0,0.1,0.1,0.15,-0.1,-0.1,Matches
358,Mykhailo Mudryk,ua UKR,"FW,MF",Chelsea,23-103,2001,12.9,4,26,8,30.8,2.02,0.62,0.15,0.5,17.2,0,0,0,3.5,3.5,0.14,0.5,0.5,Matches
359,Rodrigo Muniz,br BRA,FW,Fulham,22-349,2001,14.3,8,63,21,33.3,4.4,1.47,0.13,0.38,12.1,0,0,0,7.3,7.3,0.12,0.7,0.7,Matches
360,Daniel Muñoz,co COL,"DF,MF",Crystal Palace,27-327,1996,10,0,4,0,0,0.4,0,0,,6.1,0,0,0,0.8,0.8,0.19,-0.8,-0.8,Matches
361,Arijanet Muric,xk KVX,GK,Burnley,25-162,1998,5,0,0,0,,0,0,,,,0,0,0,0,0,,0,0,Matches
362,Murillo,br BRA,DF,Nott'ham Forest,21-288,2002,26.2,0,14,5,35.7,0.53,0.19,0,0,24.7,2,0,0,1.2,1.2,0.09,-1.2,-1.2,Matches
363,Alex Murphy,ie IRL,"FW,DF",Newcastle Utd,19-297,2004,0,0,0,0,,0,0,,,,0,0,0,0,0,,0,0,Matches
364,Jacob Murphy,eng ENG,"FW,DF",Newcastle Utd,29-053,1995,8.9,2,21,6,28.6,2.37,0.68,0.1,0.33,18.2,0,0,0,1.3,1.3,0.06,0.7,0.7,Matches
365,Vitaliy Mykolenko,ua UKR,DF,Everton,24-324,1999,25.9,2,25,5,20,0.96,0.19,0.08,0.4,18.7,0,0,0,1.5,1.5,0.06,0.5,0.5,Matches
366,Marvelous Nakamba,zw ZIM,MF,Luton Town,30-089,1994,12.6,0,5,0,0,0.4,0,0,,23.6,0,0,0,0.2,0.2,0.04,-0.2,-0.2,Matches
367,Michael Ndiweni,eng ENG,FW,Newcastle Utd,20-137,2003,0,0,0,0,,0,0,,,,0,0,0,0,0,,0,0,Matches
368,Reiss Nelson,eng ENG,FW,Arsenal,24-129,1999,3,0,4,1,25,1.34,0.34,0,0,19.7,0,0,0,0.2,0.2,0.05,-0.2,-0.2,Matches
369,Zack Nelson,eng ENG,"MF,DF",Luton Town,19-206,2004,0.1,0,0,0,,0,0,,,,0,0,0,0,0,,0,0,Matches
370,Neto,br BRA,GK,Bournemouth,34-273,1989,30,0,0,0,,0,0,,,,0,0,0,0,0,,0,0,Matches
371,Pedro Neto,pt POR,"FW,MF",Wolves,24-039,2000,16.7,2,35,11,31.4,2.1,0.66,0.06,0.18,16.5,2,0,0,3.4,3.4,0.1,-1.4,-1.4,Matches
372,Moussa Niakhate,sn SEN,DF,Nott'ham Forest,28-040,1996,12.9,1,5,1,20,0.39,0.08,0.2,1,9,0,0,0,1.1,1.1,0.22,-0.1,-0.1,Matches
373,Eddie Nketiah,eng ENG,FW,Arsenal,24-323,1999,12,5,38,12,31.6,3.16,1,0.13,0.42,12.7,0,0,0,4.5,4.5,0.12,0.5,0.5,Matches
374,Christopher Nkunku,fr FRA,"FW,MF",Chelsea,26-155,1997,3.5,2,11,5,45.5,3.1,1.41,0.18,0.4,9.7,0,0,0,1.7,1.7,0.16,0.3,0.3,Matches
375,Rhys Norrington-Davies,wls WAL,DF,Sheffield Utd,24-361,1999,1.2,0,0,0,,0,0,,,,0,0,0,0,0,,0,0,Matches
Rk,Player,Nation,Pos,Squad,Age,Born,90s,Gls,Sh,SoT,SoT%,Sh/90,SoT/90,G/Sh,G/SoT,Dist,FK,PK,PKatt,xG,npxG,npxG/Sh,G-xG,np:G-xG,Matches
376,Oliver Norwood,nir NIR,MF,Sheffield Utd,33-005,1991,15.7,1,14,5,35.7,0.89,0.32,0,0,32.9,0,1,1,1.1,0.3,0.02,-0.1,-0.3,Matches
377,Matheus Nunes,pt POR,MF,Wolves,25-234,1998,2,0,1,0,0,0.5,0,0,,15.4,0,0,0,0.1,0.1,0.08,-0.1,-0.1,Matches
378,Matheus Nunes,pt POR,MF,Manchester City,25-234,1998,7,0,9,4,44.4,1.29,0.57,0,0,17.9,0,0,0,0.8,0.8,0.09,-0.8,-0.8,Matches
379,Darwin Núñez,uy URU,FW,Liverpool,24-298,1999,20.8,11,102,43,42.2,4.89,2.06,0.11,0.26,14.9,0,0,1,15,14.2,0.14,-4,-3.2,Matches
380,Ethan Nwaneri,eng ENG,FW,Arsenal,17-027,2007,0.2,0,0,0,,0,0,,,,0,0,0,0,0,,0,0,Matches
381,Christian Nørgaard,dk DEN,MF,Brentford,30-038,1994,24.2,2,33,7,21.2,1.37,0.29,0.06,0.29,14.5,0,0,0,3.4,3.4,0.1,-1.4,-1.4,Matches
382,Mark O'Mahony,ie IRL,FW,Brighton,19-094,2005,0,0,0,0,,0,0,,,,,0,0,,,,,,Matches
383,Dara O'Shea,ie IRL,DF,Burnley,25-044,1999,27.1,2,15,4,26.7,0.55,0.15,0.13,0.5,10.2,0,0,0,0.6,0.6,0.04,1.4,1.4,Matches
384,Michael Obafemi,ie IRL,"FW,MF",Burnley,23-286,2000,0.2,0,2,0,0,9,0,0,,19.8,0,0,0,0.1,0.1,0.05,-0.1,-0.1,Matches
385,Wilson Odobert,fr FRA,"MF,FW",Burnley,19-141,2004,18.4,3,39,12,30.8,2.12,0.65,0.08,0.25,19.3,0,0,0,2.3,2.3,0.06,0.7,0.7,Matches
386,Chiedozie Ogbene,ie IRL,"MF,DF",Luton Town,26-352,1997,21.1,4,32,13,40.6,1.51,0.62,0.13,0.31,15.3,0,0,0,4.1,4.1,0.13,-0.1,-0.1,Matches
387,Angelo Ogbonna,it ITA,DF,West Ham,35-330,1988,3.6,0,0,0,,0,0,,,,0,0,0,0,0,,0,0,Matches
388,Michael Olakigbe,eng ENG,"DF,FW",Brentford,19-358,2004,0.7,0,3,0,0,4.58,0,0,,20.5,0,0,0,0.1,0.1,0.04,-0.1,-0.1,Matches
389,Michael Olise,fr FRA,"FW,MF",Crystal Palace,22-127,2001,9.3,6,32,10,31.3,3.43,1.07,0.16,0.5,18,2,1,1,3.3,2.5,0.08,2.7,2.5,Matches
390,Robin Olsen,se SWE,GK,Aston Villa,34-100,1990,2,0,0,0,,0,0,,,,0,0,0,0,0,,0,0,Matches
391,Andrew Omobamidele,ie IRL,DF,Nott'ham Forest,21-299,2002,8.5,0,1,0,0,0.12,0,0,,5.1,0,0,0,0.1,0.1,0.14,-0.1,-0.1,Matches
392,Amadou Onana,be BEL,MF,Everton,22-245,2001,20.5,2,26,6,23.1,1.27,0.29,0.08,0.33,19.4,0,0,0,1.8,1.8,0.07,0.2,0.2,Matches
393,André Onana,cm CMR,GK,Manchester Utd,28-015,1996,32,0,0,0,,0,0,,,,0,0,0,0,0,,0,0,Matches
394,Ryan One,sct SCO,FW,Sheffield Utd,17-296,2006,0.1,0,0,0,,0,0,,,,0,0,0,0,0,,0,0,Matches
395,Tyler Onyango,eng ENG,MF,Everton,21-044,2003,0,0,0,0,,0,0,,,,0,0,0,0,0,,0,0,Matches
396,Fred Onyedinma,eng ENG,"DF,MF",Luton Town,27-145,1996,2.3,0,3,2,66.7,1.3,0.87,0,0,11.5,0,0,0,0.1,0.1,0.04,-0.1,-0.1,Matches
397,Frank Onyeka,ng NGA,MF,Brentford,26-107,1998,12.8,1,22,9,40.9,1.72,0.7,0.05,0.11,17.4,0,0,0,2.2,2.2,0.1,-1.2,-1.2,Matches
398,Divock Origi,be BEL,FW,Nott'ham Forest,28-365,1995,6.6,0,14,2,14.3,2.12,0.3,0,0,19.7,0,0,0,1.4,1.4,0.1,-1.4,-1.4,Matches
399,Stefan Ortega,de GER,GK,Manchester City,31-163,1992,5.3,0,0,0,,0,0,,,,0,0,0,0,0,,0,0,Matches
400,Ben Osborn,eng ENG,"DF,MF",Sheffield Utd,29-256,1994,11.1,0,4,0,0,0.36,0,0,,23.5,0,0,0,0.2,0.2,0.06,-0.2,-0.2,Matches
Rk,Player,Nation,Pos,Squad,Age,Born,90s,Gls,Sh,SoT,SoT%,Sh/90,SoT/90,G/Sh,G/SoT,Dist,FK,PK,PKatt,xG,npxG,npxG/Sh,G-xG,np:G-xG,Matches
401,Gabriel Osho,ng NGA,DF,Luton Town,25-247,1998,15.5,2,8,2,25,0.52,0.13,0.25,1,11.6,0,0,0,1,1,0.13,1,1,Matches
402,William Osula,dk DEN,FW,Sheffield Utd,20-257,2003,8.4,0,20,7,35,2.37,0.83,0,0,14.2,0,0,0,1.6,1.6,0.08,-1.6,-1.6,Matches
403,Dango Ouattara,bf BFA,"FW,DF",Bournemouth,22-066,2002,9.5,1,21,3,14.3,2.22,0.32,0.05,0.33,14.5,0,0,0,2,2,0.09,-1,-1,Matches
404,David Ozoh,eng ENG,"MF,DF",Crystal Palace,18-322,2005,1.7,0,0,0,,0,0,,,,0,0,0,0,0,,0,0,Matches
405,João Palhinha,pt POR,MF,Fulham,28-283,1995,25.5,4,41,12,29.3,1.61,0.47,0.1,0.33,16.5,0,0,0,3.1,3.1,0.08,0.9,0.9,Matches
406,Cole Palmer,eng ENG,MF,Manchester City,21-347,2002,0.1,0,0,0,,0,0,,,,0,0,0,0,0,,0,0,Matches
407,Cole Palmer,eng ENG,"FW,MF",Chelsea,21-347,2002,23,20,73,31,42.5,3.17,1.35,0.15,0.35,22.5,5,9,9,14.9,7.9,0.11,5.1,3.1,Matches
408,Emerson Palmieri,it ITA,DF,West Ham,29-258,1994,30.2,1,15,3,20,0.5,0.1,0.07,0.33,18.6,0,0,0,1.1,1.1,0.07,-0.1,-0.1,Matches
409,Lucas Paquetá,br BRA,"FW,MF",West Ham,26-234,1997,24.4,4,38,8,21.1,1.56,0.33,0.05,0.25,17.9,1,2,2,5.3,3.7,0.1,-1.3,-1.7,Matches
410,Ben Parkinson,eng ENG,FW,Newcastle Utd,19-038,2005,0.3,0,0,0,,0,0,,,,0,0,0,0,0,,0,0,Matches
411,Thomas Partey,gh GHA,"DF,MF",Arsenal,30-309,1993,4.1,0,2,1,50,0.49,0.24,0,0,17,0,0,0,0.1,0.1,0.04,-0.1,-0.1,Matches
412,Nathan Patterson,sct SCO,DF,Everton,22-184,2001,11.2,0,4,0,0,0.36,0,0,,20.9,0,0,0,0.3,0.3,0.08,-0.3,-0.3,Matches
413,Myles Peart-Harris,eng ENG,"DF,MF",Brentford,21-212,2002,0.1,0,0,0,,0,0,,,,0,0,0,0,0,,0,0,Matches
414,Sydie Peck,eng ENG,MF,Sheffield Utd,19-217,2004,0.1,0,0,0,,0,0,,,,0,0,0,0,0,,0,0,Matches
415,Facundo Pellistri,uy URU,"FW,MF",Manchester Utd,22-119,2001,1.9,0,4,2,50,2.09,1.05,0,0,11.5,0,0,0,0.7,0.7,0.18,-0.7,-0.7,Matches
416,Andreas Pereira,br BRA,MF,Fulham,28-107,1996,25.5,3,47,16,34,1.85,0.63,0.06,0.19,21.7,6,0,0,4.4,4.4,0.09,-1.4,-1.4,Matches
417,Ivan Perišić,hr CRO,FW,Tottenham,35-075,1989,1.1,0,2,0,0,1.75,0,0,,13,0,0,0,0.1,0.1,0.06,-0.1,-0.1,Matches
418,Đorđe Petrović,rs SRB,GK,Chelsea,24-192,1999,15.1,0,0,0,,0,0,,,,0,0,0,0,0,,0,0,Matches
419,Kalvin Phillips,eng ENG,MF,West Ham,28-137,1995,3.3,0,3,2,66.7,0.92,0.61,0,0,25.8,0,0,0,0.1,0.1,0.03,-0.1,-0.1,Matches
420,Kalvin Phillips,eng ENG,MF,Manchester City,28-137,1995,1,0,2,0,0,1.94,0,0,,21.7,0,0,0,0.1,0.1,0.04,-0.1,-0.1,Matches
421,Jaden Philogene Bidace,eng ENG,FW,Aston Villa,22-069,2002,0,0,0,0,,0,0,,,,0,0,0,0,0,,0,0,Matches
422,Jordan Pickford,eng ENG,GK,Everton,30-041,1994,32,0,0,0,,0,0,,,,0,0,0,0,0,,0,0,Matches
423,Ethan Pinnock,jm JAM,DF,Brentford,30-324,1993,23,1,15,3,20,0.65,0.13,0.07,0.33,9.5,0,0,0,1.7,1.7,0.11,-0.7,-0.7,Matches
424,Nick Pope,eng ENG,GK,Newcastle Utd,31-364,1992,13.9,0,1,0,0,0.07,0,0,,14.3,0,0,0,0,0,0.03,0,0,Matches
425,Pedro Porro,es ESP,DF,Tottenham,24-217,1999,28.5,1,42,8,19,1.47,0.28,0.02,0.13,20.7,4,0,0,2.5,2.5,0.06,-1.5,-1.5,Matches
Rk,Player,Nation,Pos,Squad,Age,Born,90s,Gls,Sh,SoT,SoT%,Sh/90,SoT/90,G/Sh,G/SoT,Dist,FK,PK,PKatt,xG,npxG,npxG/Sh,G-xG,np:G-xG,Matches
426,Jarell Quansah,eng ENG,DF,Liverpool,21-079,2003,7.9,0,3,1,33.3,0.38,0.13,0,0,15.8,0,0,0,0.1,0.1,0.04,-0.1,-0.1,Matches
427,Ionuț Radu,ro ROU,GK,Bournemouth,26-325,1997,2,0,0,0,,0,0,,,,0,0,0,0,0,,0,0,Matches
428,Jesurun Rak Sakyi,eng ENG,"MF,FW",Crystal Palace,21-195,2002,1.5,0,5,1,20,3.31,0.66,0,0,15.5,0,0,0,0.4,0.4,0.08,-0.4,-0.4,Matches
429,Aaron Ramsdale,eng ENG,GK,Arsenal,25-339,1998,6,0,0,0,,0,0,,,,0,0,0,0,0,,0,0,Matches
430,Aaron Ramsey,eng ENG,"MF,FW",Burnley,21-087,2003,5.9,0,6,2,33.3,1.02,0.34,0,0,16.5,0,0,0,0.3,0.3,0.06,-0.3,-0.3,Matches
431,Jacob Ramsey,eng ENG,"FW,MF",Aston Villa,22-325,2001,9.5,1,19,4,21.1,2,0.42,0.05,0.25,15.9,0,0,0,2.2,2.2,0.11,-1.2,-1.2,Matches
432,Marcus Rashford,eng ENG,FW,Manchester Utd,26-169,1997,25,7,59,19,32.2,2.36,0.76,0.08,0.26,17,1,2,2,7.3,5.7,0.1,-0.3,-0.7,Matches
433,David Raya,es ESP,GK,Arsenal,28-215,1995,26,0,0,0,,0,0,,,,0,0,0,0,0,,0,0,Matches
434,Tim Ream,us USA,DF,Fulham,36-195,1987,15.7,1,1,1,100,0.06,0.06,1,1,1.3,0,0,0,1,1,0.96,0,0,Matches
435,Nathan Redmond,eng ENG,"FW,MF",Burnley,30-042,1994,1.6,0,0,0,,0,0,,,,0,0,0,0,0,,0,0,Matches
436,Harrison Reed,eng ENG,MF,Fulham,29-081,1995,13,0,7,1,14.3,0.54,0.08,0,0,22.2,0,0,0,0.2,0.2,0.03,-0.2,-0.2,Matches
437,Sergio Reguilón,es ESP,DF,Manchester Utd,27-123,1996,4.6,0,4,0,0,0.87,0,0,,18.1,0,0,0,0.2,0.2,0.05,-0.2,-0.2,Matches
438,Sergio Reguilón,es ESP,DF,Brentford,27-123,1996,7.8,0,11,1,9.1,1.42,0.13,0,0,16.4,0,0,0,0.7,0.7,0.06,-0.7,-0.7,Matches
439,Bobby Reid,jm JAM,FW,Fulham,31-075,1993,13.5,6,27,8,29.6,2,0.59,0.22,0.75,15.9,0,0,0,4,4,0.15,2,2,Matches
440,Gio Reyna,us USA,"MF,FW",Nott'ham Forest,21-156,2002,1.8,0,5,2,40,2.71,1.08,0,0,21.3,0,0,0,0.3,0.3,0.06,-0.3,-0.3,Matches
441,Rodrigo Ribeiro,pt POR,"FW,MF",Nott'ham Forest,18-355,2005,0,0,0,0,,0,0,,,,0,0,0,0,0,,0,0,Matches
442,Declan Rice,eng ENG,MF,Arsenal,25-094,1999,29.8,6,43,14,32.6,1.44,0.47,0.14,0.43,21.2,2,0,0,2.3,2.3,0.05,3.7,3.7,Matches
443,Chris Richards,us USA,"DF,MF",Crystal Palace,24-020,2000,17.3,1,6,1,16.7,0.35,0.06,0.17,1,9.7,0,0,0,0.3,0.3,0.05,0.7,0.7,Matches
444,Richarlison,br BRA,FW,Tottenham,26-343,1997,15.2,10,58,23,39.7,3.8,1.51,0.17,0.43,13.3,0,0,0,8.8,8.8,0.15,1.2,1.2,Matches
445,Jaïro Riedewald,nl NED,"MF,FW",Crystal Palace,27-221,1996,2.1,0,0,0,,0,0,,,,0,0,0,0,0,,0,0,Matches
446,Matt Ritchie,sct SCO,"FW,MF",Newcastle Utd,34-220,1989,1.2,1,5,3,60,4.02,2.41,0.2,0.33,11.9,0,0,0,0.8,0.8,0.16,0.2,0.2,Matches
447,Connor Roberts,wls WAL,DF,Burnley,28-207,1995,9.1,0,0,0,,0,0,,,,0,0,0,0,0,,0,0,Matches
448,Andrew Robertson,sct SCO,DF,Liverpool,30-037,1994,14.2,1,7,2,28.6,0.49,0.14,0.14,0.5,13,0,0,0,0.9,0.9,0.12,0.1,0.1,Matches
449,Antonee Robinson,us USA,DF,Fulham,26-253,1997,31.4,0,13,7,53.8,0.41,0.22,0,0,21.9,0,0,0,0.6,0.6,0.04,-0.6,-0.6,Matches
450,Jack Robinson,eng ENG,DF,Sheffield Utd,30-229,1993,28.8,1,11,5,45.5,0.38,0.17,0.09,0.2,12,0,0,0,1.1,1.1,0.1,-0.1,-0.1,Matches
Rk,Player,Nation,Pos,Squad,Age,Born,90s,Gls,Sh,SoT,SoT%,Sh/90,SoT/90,G/Sh,G/SoT,Dist,FK,PK,PKatt,xG,npxG,npxG/Sh,G-xG,np:G-xG,Matches
451,Rodri,es ESP,MF,Manchester City,27-300,1996,26.7,7,57,20,35.1,2.13,0.75,0.12,0.35,20.4,0,0,0,3.8,3.8,0.07,3.2,3.2,Matches
452,Jay Rodriguez,eng ENG,FW,Burnley,34-263,1989,9,2,21,7,33.3,2.34,0.78,0.05,0.14,12.9,0,1,1,3.5,2.7,0.13,-1.5,-1.7,Matches
453,Mads Roerslev,dk DEN,DF,Brentford,24-298,1999,20.3,1,6,1,16.7,0.3,0.05,0.17,1,13.7,0,0,0,0.9,0.9,0.15,0.1,0.1,Matches
454,Morgan Rogers,eng ENG,"MF,FW",Aston Villa,21-266,2002,4.8,1,8,3,37.5,1.66,0.62,0.13,0.33,16,0,0,0,1,1,0.13,0,0,Matches
455,Cristian Romero,ar ARG,DF,Tottenham,25-356,1998,25,4,13,5,38.5,0.52,0.2,0.31,0.8,11.1,0,0,0,1.6,1.6,0.13,2.4,2.4,Matches
456,Joe Rothwell,eng ENG,MF,Bournemouth,29-097,1995,4.3,0,2,0,0,0.47,0,0,,22.7,0,0,0,0.1,0.1,0.04,-0.1,-0.1,Matches
457,Pelly Ruddock Mpanzu,cd COD,MF,Luton Town,30-275,1993,11.9,0,11,1,9.1,0.93,0.08,0,0,19.7,0,0,0,0.6,0.6,0.06,-0.6,-0.6,Matches
458,José Sá,pt POR,GK,Wolves,31-091,1993,28.7,0,0,0,,0,0,,,,0,0,0,0,0,,0,0,Matches
459,Bukayo Saka,eng ENG,FW,Arsenal,22-225,2001,27.7,14,83,24,28.9,3,0.87,0.11,0.38,16.5,0,5,5,13,9.1,0.11,1,-0.1,Matches
460,Mohamed Salah,eg EGY,FW,Liverpool,31-307,1992,23.8,17,86,37,43,3.61,1.55,0.14,0.32,16.2,1,5,7,18.3,12.6,0.15,-1.3,-0.6,Matches
461,William Saliba,fr FRA,DF,Arsenal,23-024,2001,32,2,8,2,25,0.25,0.06,0.25,1,11,0,0,0,1.5,1.5,0.19,0.5,0.5,Matches
462,Albert Sambi Lokonga,be BEL,MF,Luton Town,24-178,1999,9.7,0,7,1,14.3,0.72,0.1,0,0,22.7,0,0,0,0.4,0.4,0.06,-0.4,-0.4,Matches
463,Davinson Sánchez,co COL,DF,Tottenham,27-310,1996,0.9,0,1,0,0,1.17,0,0,,8.6,0,0,0,0.1,0.1,0.12,-0.1,-0.1,Matches
464,Robert Sánchez,es ESP,GK,Chelsea,26-151,1997,15.9,0,0,0,,0,0,,,,0,0,0,0,0,,0,0,Matches
465,Jadon Sancho,eng ENG,"FW,MF",Manchester Utd,24-023,2000,0.9,0,0,0,,0,0,,,,0,0,0,0,0,,0,0,Matches
466,Ibrahim Sangaré,ci CIV,MF,Nott'ham Forest,26-137,1997,11.1,0,8,0,0,0.72,0,0,,17,0,0,0,0.6,0.6,0.08,-0.6,-0.6,Matches
467,Andrey Santos,br BRA,MF,Nott'ham Forest,19-350,2004,0.1,0,2,0,0,22.5,0,0,,22.6,0,0,0,0.1,0.1,0.03,-0.1,-0.1,Matches
468,Pablo Sarabia,es ESP,"MF,FW",Wolves,31-342,1992,17.8,4,42,14,33.3,2.35,0.78,0.05,0.14,19.1,7,2,2,5.3,3.8,0.09,-1.3,-1.8,Matches
469,Dane Scarlett,eng ENG,FW,Tottenham,20-024,2004,0,0,0,0,,0,0,,,,0,0,0,0,0,,0,0,Matches
470,Kevin Schade,de GER,"FW,MF",Brentford,22-142,2001,2.9,1,5,2,40,1.74,0.7,0.2,0.5,15.8,0,0,0,0.7,0.7,0.14,0.3,0.3,Matches
471,Fabian Schär,ch SUI,DF,Newcastle Utd,32-119,1991,31.1,4,32,9,28.1,1.03,0.29,0.13,0.44,18.8,2,0,0,2.4,2.4,0.08,1.6,1.6,Matches
472,Jeffrey Schlupp,gh GHA,"FW,MF",Crystal Palace,31-116,1992,14.6,1,18,10,55.6,1.24,0.69,0.06,0.1,19.1,0,0,0,1.8,1.8,0.1,-0.8,-0.8,Matches
473,Alex Scott,eng ENG,MF,Bournemouth,20-240,2003,8.2,1,9,2,22.2,1.09,0.24,0.11,0.5,24.5,2,0,0,0.5,0.5,0.05,0.5,0.5,Matches
474,Matz Sels,be BEL,GK,Nott'ham Forest,32-051,1992,11,0,0,0,,0,0,,,,0,0,0,0,0,,0,0,Matches
475,Nélson Semedo,pt POR,"DF,MF",Wolves,30-153,1993,30,0,15,3,20,0.5,0.1,0,0,20.3,0,0,0,0.9,0.9,0.06,-0.9,-0.9,Matches
Rk,Player,Nation,Pos,Squad,Age,Born,90s,Gls,Sh,SoT,SoT%,Sh/90,SoT/90,G/Sh,G/SoT,Dist,FK,PK,PKatt,xG,npxG,npxG/Sh,G-xG,np:G-xG,Matches
476,Antoine Semenyo,gh GHA,FW,Bournemouth,24-101,2000,18.1,7,57,25,43.9,3.15,1.38,0.12,0.28,17.6,0,0,0,3.9,3.9,0.07,3.1,3.1,Matches
477,Marcos Senesi,ar ARG,DF,Bournemouth,26-343,1997,19.5,3,7,3,42.9,0.36,0.15,0.43,1,14,0,0,0,1,1,0.14,2,2,Matches
478,Luke Shaw,eng ENG,DF,Manchester Utd,28-280,1995,10.7,0,2,0,0,0.19,0,0,,21.2,0,0,0,0,0,0.02,0,0,Matches
479,Bernardo Silva,pt POR,"MF,FW",Manchester City,29-251,1994,22.9,6,29,13,44.8,1.27,0.57,0.21,0.46,15.9,0,0,0,3.4,3.4,0.12,2.6,2.6,Matches
480,Fábio Silva,pt POR,FW,Wolves,21-273,2002,2.9,0,7,3,42.9,2.39,1.02,0,0,13.8,0,0,0,1,1,0.15,-1,-1,Matches
481,Thiago Silva,br BRA,DF,Chelsea,39-208,1984,24,3,10,4,40,0.42,0.17,0.3,0.75,9.8,0,0,0,0.6,0.6,0.06,2.4,2.4,Matches
482,Luis Sinisterra,co COL,"FW,MF",Bournemouth,24-305,1999,7.8,2,27,8,29.6,3.48,1.03,0.07,0.25,13.9,0,0,0,2.5,2.5,0.09,-0.5,-0.5,Matches
483,Oliver Skipp,eng ENG,"MF,FW",Tottenham,23-214,2000,6.5,0,3,1,33.3,0.46,0.15,0,0,12.6,0,0,0,0.6,0.6,0.2,-0.6,-0.6,Matches
484,Adam Smith,eng ENG,DF,Bournemouth,32-354,1991,19.5,0,1,0,0,0.05,0,0,,28.8,0,0,0,0,0,0.02,0,0,Matches
485,Emile Smith Rowe,eng ENG,MF,Arsenal,23-264,2000,3.7,0,12,5,41.7,3.26,1.36,0,0,15.7,0,0,0,1.7,1.7,0.14,-1.7,-1.7,Matches
486,Cédric Soares,pt POR,DF,Arsenal,32-230,1991,0.7,0,0,0,,0,0,,,,0,0,0,0,0,,0,0,Matches
487,Dominic Solanke,eng ENG,FW,Bournemouth,26-216,1997,31.6,17,92,31,33.7,2.91,0.98,0.17,0.52,12.1,0,1,2,17.2,15.7,0.17,-0.2,0.3,Matches
488,Manor Solomon,il ISR,FW,Tottenham,24-268,1999,2.2,0,7,1,14.3,3.17,0.45,0,0,16.8,0,0,0,0.4,0.4,0.06,-0.4,-0.4,Matches
489,Tomáš Souček,cz CZE,MF,West Ham,29-050,1995,27.6,6,38,12,31.6,1.38,0.44,0.16,0.5,10.1,0,0,0,6.4,6.4,0.17,-0.4,-0.4,Matches
490,Vinicius Souza,br BRA,MF,Sheffield Utd,24-305,1999,26,1,10,4,40,0.38,0.15,0.1,0.25,22.4,0,0,0,0.4,0.4,0.04,0.6,0.6,Matches
491,Jason Steele,eng ENG,GK,Brighton,33-243,1990,15,0,0,0,,0,0,,,,0,0,0,0,0,,0,0,Matches
492,Raheem Sterling,eng ENG,"FW,MF",Chelsea,29-131,1994,20.6,6,46,17,37,2.24,0.83,0.13,0.35,13.9,3,0,0,6.1,6.1,0.13,-0.1,-0.1,Matches
493,John Stones,eng ENG,"DF,MF",Manchester City,29-325,1994,11.6,1,4,2,50,0.35,0.17,0.25,0.5,15.9,0,0,0,1,1,0.26,0,0,Matches
494,Thomas Strakosha,al ALB,GK,Brentford,29-029,1995,1.5,0,0,0,,0,0,,,,0,0,0,0,0,,0,0,Matches
495,Dominik Szoboszlai,hu HUN,MF,Liverpool,23-175,2000,22.3,3,55,13,23.6,2.47,0.58,0.05,0.23,24.9,7,0,0,3.3,3.3,0.06,-0.3,-0.3,Matches
496,Matt Targett,eng ENG,DF,Newcastle Utd,28-212,1995,0.9,0,0,0,,0,0,,,,0,0,0,0,0,,0,0,Matches
497,James Tarkowski,eng ENG,DF,Everton,31-150,1992,32,1,22,3,13.6,0.69,0.09,0.05,0.33,9.6,0,0,0,2.4,2.4,0.11,-1.4,-1.4,Matches
498,Nuno Tavares,pt POR,DF,Nott'ham Forest,24-082,2000,5.1,0,7,1,14.3,1.38,0.2,0,0,26.1,0,0,0,0.2,0.2,0.02,-0.2,-0.2,Matches
499,Marcus Tavernier,eng ENG,FW,Bournemouth,25-026,1999,22.6,3,51,15,29.4,2.25,0.66,0.06,0.2,20.1,4,0,0,3.8,3.8,0.07,-0.8,-0.8,Matches
500,Charlie Taylor,eng ENG,DF,Burnley,30-212,1993,23.1,1,10,1,10,0.43,0.04,0.1,1,25.8,0,0,0,0.2,0.2,0.02,0.8,0.8,Matches
Rk,Player,Nation,Pos,Squad,Age,Born,90s,Gls,Sh,SoT,SoT%,Sh/90,SoT/90,G/Sh,G/SoT,Dist,FK,PK,PKatt,xG,npxG,npxG/Sh,G-xG,np:G-xG,Matches
501,Kenny Tete,nl NED,DF,Fulham,28-191,1995,8.6,1,4,1,25,0.46,0.12,0.25,1,7.9,0,0,0,0.9,0.9,0.21,0.1,0.1,Matches
502,Luke Thomas,eng ENG,DF,Sheffield Utd,22-312,2001,10.2,0,6,1,16.7,0.59,0.1,0,0,15.1,0,0,0,0.5,0.5,0.09,-0.5,-0.5,Matches
503,Youri Tielemans,be BEL,"MF,FW",Aston Villa,26-346,1997,16,1,12,4,33.3,0.75,0.25,0.08,0.25,19.5,0,0,0,1.1,1.1,0.09,-0.1,-0.1,Matches
504,Jurriën Timber,nl NED,DF,Arsenal,22-305,2001,0.5,0,0,0,,0,0,,,,0,0,0,0,0,,0,0,Matches
505,Harry Toffolo,eng ENG,DF,Nott'ham Forest,28-242,1995,14.9,1,8,5,62.5,0.54,0.34,0.13,0.2,14.4,0,0,0,1.6,1.6,0.21,-0.6,-0.6,Matches
506,Takehiro Tomiyasu,jp JPN,DF,Arsenal,25-164,1998,8,1,9,2,22.2,1.13,0.25,0.11,0.5,18.5,0,0,0,0.6,0.6,0.06,0.4,0.4,Matches
507,James Tomkins,eng ENG,DF,Crystal Palace,35-019,1989,0.1,0,0,0,,0,0,,,,0,0,0,0,0,,0,0,Matches
508,Sandro Tonali,it ITA,MF,Newcastle Utd,23-345,2000,4.9,1,3,2,66.7,0.62,0.41,0.33,0.5,15.8,0,0,0,0.7,0.7,0.22,0.3,0.3,Matches
509,Ivan Toney,eng ENG,FW,Brentford,28-032,1996,12.1,4,39,15,38.5,3.22,1.24,0.1,0.27,17.5,7,0,0,4.7,4.7,0.12,-0.7,-0.7,Matches
510,Pau Torres,es ESP,DF,Aston Villa,27-092,1997,23.4,2,11,5,45.5,0.47,0.21,0.18,0.4,15.6,0,0,0,1,1,0.09,1,1,Matches
511,Andros Townsend,eng ENG,"MF,FW",Luton Town,32-276,1991,12.9,1,19,7,36.8,1.47,0.54,0.05,0.14,23.9,2,0,0,1.2,1.2,0.06,-0.2,-0.2,Matches
512,James Trafford,eng ENG,GK,Burnley,21-190,2002,28,0,0,0,,0,0,,,,0,0,0,0,0,,0,0,Matches
513,Adama Traoré,es ESP,"FW,MF",Fulham,28-083,1996,2.5,1,8,5,62.5,3.26,2.04,0.13,0.2,15.9,0,0,0,1.4,1.4,0.17,-0.4,-0.4,Matches
514,Bertrand Traoré,bf BFA,"DF,FW",Aston Villa,28-224,1995,0.1,0,0,0,,0,0,,,,0,0,0,0,0,,0,0,Matches
515,Boubacar Traoré,ml MLI,"MF,FW",Wolves,22-241,2001,5,0,6,1,16.7,1.2,0.2,0,0,30.1,0,0,0,0.1,0.1,0.02,-0.1,-0.1,Matches
516,Mike Trésor,be BEL,"FW,MF",Burnley,24-325,1999,4.6,0,5,0,0,1.1,0,0,,19.7,1,0,0,0.5,0.5,0.09,-0.5,-0.5,Matches
517,Kieran Trippier,eng ENG,DF,Newcastle Utd,33-211,1990,24,1,8,2,25,0.33,0.08,0.13,0.5,23.8,4,0,0,0.7,0.7,0.08,0.3,0.3,Matches
518,Leandro Trossard,be BEL,"FW,MF",Arsenal,29-135,1994,13.6,8,47,18,38.3,3.46,1.33,0.17,0.44,16.3,0,0,0,6.3,6.3,0.13,1.7,1.7,Matches
519,Auston Trusty,us USA,DF,Sheffield Utd,25-249,1998,22.6,0,7,1,14.3,0.31,0.04,0,0,13.3,0,0,0,0.3,0.3,0.05,-0.3,-0.3,Matches
520,Kostas Tsimikas,gr GRE,DF,Liverpool,27-341,1996,7.5,0,3,0,0,0.4,0,0,,23.8,0,0,0,0.1,0.1,0.03,-0.1,-0.1,Matches
521,Matt Turner,us USA,GK,Nott'ham Forest,29-298,1994,17,0,0,0,,0,0,,,,0,0,0,0,0,,0,0,Matches
522,Destiny Udogie,it ITA,DF,Tottenham,21-141,2002,26.6,2,9,5,55.6,0.34,0.19,0.22,0.4,10.1,0,0,0,2.4,2.4,0.27,-0.4,-0.4,Matches
523,Lesley Ugochukwu,fr FRA,MF,Chelsea,20-022,2004,3,0,0,0,,0,0,,,,0,0,0,0,0,,0,0,Matches
524,Enes Ünal,tr TUR,"FW,MF",Bournemouth,26-343,1997,1.6,1,12,4,33.3,7.4,2.47,0.08,0.25,13.4,1,0,0,1.2,1.2,0.1,-0.2,-0.2,Matches
525,Virgil van Dijk,nl NED,DF,Liverpool,32-284,1991,29.3,2,34,11,32.4,1.16,0.38,0.06,0.18,12.2,1,0,0,2.3,2.3,0.07,-0.3,-0.3,Matches
Rk,Player,Nation,Pos,Squad,Age,Born,90s,Gls,Sh,SoT,SoT%,Sh/90,SoT/90,G/Sh,G/SoT,Dist,FK,PK,PKatt,xG,npxG,npxG/Sh,G-xG,np:G-xG,Matches
526,Raphaël Varane,fr FRA,DF,Manchester Utd,30-358,1993,15,1,8,2,25,0.53,0.13,0.13,0.5,9.2,0,0,0,1.3,1.3,0.16,-0.3,-0.3,Matches
527,Alejo Véliz,ar ARG,FW,Tottenham,20-211,2003,0.6,1,2,1,50,3.6,1.8,0.5,1,8.9,0,0,0,0.2,0.2,0.12,0.8,0.8,Matches
528,Joël Veltman,nl NED,DF,Brighton,32-093,1992,15.5,0,3,2,66.7,0.19,0.13,0,0,18.9,0,0,0,0.2,0.2,0.06,-0.2,-0.2,Matches
529,Micky van de Ven,nl NED,DF,Tottenham,22-364,2001,20,2,6,2,33.3,0.3,0.1,0.33,1,16.9,0,0,0,0.4,0.4,0.07,1.6,1.6,Matches
530,Bart Verbruggen,nl NED,GK,Brighton,21-243,2002,17,0,0,0,,0,0,,,,0,0,0,0,0,,0,0,Matches
531,Guglielmo Vicario,it ITA,GK,Tottenham,27-193,1996,32,0,0,0,,0,0,,,,0,0,0,0,0,,0,0,Matches
532,Fabio Vieira,pt POR,"MF,FW",Arsenal,23-323,2000,3.2,1,5,1,20,1.56,0.31,0,0,18.3,0,1,1,1.2,0.4,0.08,-0.2,-0.4,Matches
533,Carlos Vinícius,br BRA,FW,Fulham,29-023,1995,3.5,2,9,5,55.6,2.57,1.43,0.22,0.4,10.9,0,0,0,1.6,1.6,0.18,0.4,0.4,Matches
534,Vitinho,br BRA,"DF,MF",Burnley,24-269,1999,21.7,0,17,2,11.8,0.79,0.09,0,0,18.9,0,0,0,1.2,1.2,0.07,-1.2,-1.2,Matches
535,Odisseas Vlachodimos,gr GRE,GK,Nott'ham Forest,29-357,1994,5,0,0,0,,0,0,,,,0,0,0,0,0,,0,0,Matches
536,Kyle Walker,eng ENG,DF,Manchester City,33-325,1990,25.1,0,16,3,18.8,0.64,0.12,0,0,29.4,1,0,0,0.4,0.4,0.02,-0.4,-0.4,Matches
537,Aaron Wan-Bissaka,eng ENG,DF,Manchester Utd,26-143,1997,13.8,0,2,1,50,0.14,0.07,0,0,24.5,0,0,0,0.1,0.1,0.04,-0.1,-0.1,Matches
538,Joel Ward,eng ENG,DF,Crystal Palace,34-171,1989,22,0,10,0,0,0.46,0,0,,18,0,0,0,0.9,0.9,0.09,-0.9,-0.9,Matches
539,James Ward-Prowse,eng ENG,MF,West Ham,29-168,1994,29.7,6,38,14,36.8,1.28,0.47,0.11,0.29,22.6,13,2,2,5.8,4.2,0.12,0.2,-0.2,Matches
540,Deivid Washington,br BRA,"DF,FW",Chelsea,18-317,2005,0.1,0,1,0,0,6.92,0,0,,9,0,0,0,0.5,0.5,0.47,-0.5,-0.5,Matches
541,Ollie Watkins,eng ENG,FW,Aston Villa,28-109,1995,31,19,95,43,45.3,3.06,1.39,0.2,0.44,12.7,0,0,0,15.3,15.3,0.16,3.7,3.7,Matches
542,Adam Webster,eng ENG,DF,Brighton,29-104,1995,8.5,0,5,0,0,0.59,0,0,,10.6,0,0,0,0.3,0.3,0.05,-0.3,-0.3,Matches
543,Danny Welbeck,eng ENG,"FW,MF",Brighton,33-143,1990,14.3,4,34,13,38.2,2.38,0.91,0.12,0.31,15.3,1,0,0,4,4,0.12,0,0,Matches
544,Timo Werner,de GER,FW,Tottenham,28-042,1996,8.7,2,29,7,24.1,3.35,0.81,0.07,0.29,14.1,0,0,0,3.7,3.7,0.13,-1.7,-1.7,Matches
545,Adam Wharton,eng ENG,MF,Crystal Palace,19-320,2004,8.9,0,4,0,0,0.45,0,0,,22,0,0,0,0.2,0.2,0.06,-0.2,-0.2,Matches
546,Ben White,eng ENG,DF,Arsenal,26-192,1997,27.4,2,8,4,50,0.29,0.15,0.25,0.5,13.7,0,0,0,0.7,0.7,0.09,1.3,1.3,Matches
547,Joe White,eng ENG,MF,Newcastle Utd,21-199,2002,0.1,0,0,0,,0,0,,,,0,0,0,0,0,,0,0,Matches
548,Neco Williams,wls WAL,DF,Nott'ham Forest,23-004,2001,16.8,0,12,2,16.7,0.71,0.12,0,0,19.8,0,0,0,0.6,0.6,0.05,-0.6,-0.6,Matches
549,Willian,br BRA,FW,Fulham,35-252,1988,21.4,4,43,16,37.2,2.01,0.75,0.05,0.13,20.4,2,2,2,5.1,3.6,0.08,-1.1,-1.6,Matches
550,Joe Willock,eng ENG,MF,Newcastle Utd,24-241,1999,4.7,1,7,3,42.9,1.5,0.64,0.14,0.33,10.9,0,0,0,0.8,0.8,0.12,0.2,0.2,Matches
Rk,Player,Nation,Pos,Squad,Age,Born,90s,Gls,Sh,SoT,SoT%,Sh/90,SoT/90,G/Sh,G/SoT,Dist,FK,PK,PKatt,xG,npxG,npxG/Sh,G-xG,np:G-xG,Matches
551,Callum Wilson,eng ENG,FW,Newcastle Utd,32-050,1992,9.6,7,29,15,51.7,3.03,1.57,0.17,0.33,12.2,0,2,2,7.2,5.7,0.2,-0.2,-0.7,Matches
552,Harry Wilson,wls WAL,FW,Fulham,27-026,1997,16.5,3,35,11,31.4,2.12,0.67,0.09,0.27,19.3,3,0,0,3.1,3.1,0.09,-0.1,-0.1,Matches
553,Yoane Wissa,cd COD,FW,Brentford,27-227,1996,24.5,8,60,20,33.3,2.44,0.81,0.13,0.4,12.8,0,0,0,9.5,9.5,0.16,-1.5,-1.5,Matches
554,Chris Wood,nz NZL,FW,Nott'ham Forest,32-132,1991,15.3,12,31,19,61.3,2.03,1.24,0.39,0.63,10.6,0,0,0,7.8,7.8,0.25,4.2,4.2,Matches
555,Cauley Woodrow,eng ENG,"FW,MF",Luton Town,29-137,1994,4,1,11,3,27.3,2.73,0.75,0.09,0.33,16.1,0,0,0,1.2,1.2,0.11,-0.2,-0.2,Matches
556,Joe Worrall,eng ENG,DF,Nott'ham Forest,27-098,1997,4.9,0,2,0,0,0.41,0,0,,10.6,0,0,0,0.1,0.1,0.06,-0.1,-0.1,Matches
557,Yehor Yarmoliuk,ua UKR,MF,Brentford,20-047,2004,7,0,10,4,40,1.44,0.58,0,0,19.1,0,0,0,1,1,0.1,-1,-1,Matches
558,Ryan Yates,eng ENG,MF,Nott'ham Forest,26-148,1997,19.4,0,24,6,25,1.24,0.31,0,0,19.1,0,0,0,2,2,0.09,-2,-2,Matches
559,Ashley Young,eng ENG,"DF,MF",Everton,38-283,1985,20.1,0,12,2,16.7,0.6,0.1,0,0,22.1,3,0,0,0.6,0.6,0.05,-0.6,-0.6,Matches
560,Illia Zabarnyi,ua UKR,DF,Bournemouth,21-229,2002,32,1,8,2,25,0.25,0.06,0.13,0.5,7.5,0,0,0,1.1,1.1,0.14,-0.1,-0.1,Matches
561,Nicolò Zaniolo,it ITA,"FW,MF",Aston Villa,24-290,1999,9.2,2,26,9,34.6,2.84,0.98,0.08,0.22,13.9,0,0,0,2.3,2.3,0.09,-0.3,-0.3,Matches
562,Anass Zaroury,ma MAR,"FW,MF",Burnley,23-162,2000,1.7,0,3,1,33.3,1.78,0.59,0,0,20.9,0,0,0,0.2,0.2,0.06,-0.2,-0.2,Matches
563,Oleksandr Zinchenko,ua UKR,DF,Arsenal,27-124,1996,18.6,1,17,3,17.6,0.92,0.16,0.06,0.33,24,0,0,0,0.6,0.6,0.03,0.4,0.4,Matches
564,Kurt Zouma,fr FRA,DF,West Ham,29-173,1994,26.5,3,15,7,46.7,0.57,0.26,0.2,0.43,8.9,0,0,0,1.8,1.8,0.12,1.2,1.2,Matches
565,Martin Ødegaard,no NOR,MF,Arsenal,25-122,1998,28.4,7,61,18,29.5,2.15,0.63,0.08,0.28,20.7,3,2,2,6,4.4,0.07,1,0.6,Matches
