Tackles,,,,,Challenges,,,,Blocks,,,,,,,,,,,,,,,
Rk,Player,Nation,Pos,Squad,Age,Born,90s,Tkl,TklW,Def 3rd,Mid 3rd,Att 3rd,Tkl,Att,Tkl%,Lost,Blocks,Sh,Pass,Int,Tkl+Int,Clr,Err,Matches
1,Max Aarons,eng ENG,DF,Bournemouth,24-104,2000,12.3,28,18,20,6,2,19,30,63.3,11,9,5,4,6,34,23,0,Matches
2,Bénie Adama Traore,ci CIV,"FW,MF",Sheffield Utd,21-139,2002,4.3,4,2,1,2,1,0,4,0,4,4,1,3,1,5,1,0,Matches
3,Tyler Adams,us USA,MF,Bournemouth,25-063,1999,1.2,4,3,1,3,0,2,3,66.7,1,2,0,2,4,8,2,0,Matches
4,Tosin Adarabioyo,eng ENG,DF,Fulham,26-206,1997,17,20,11,15,5,0,11,18,61.1,7,15,11,4,23,43,75,0,Matches
5,Elijah Adebayo,eng ENG,FW,Luton Town,26-101,1998,12.9,1,0,1,0,0,0,9,0,9,8,1,7,5,6,23,0,Matches
6,Simon Adingra,ci CIV,FW,Brighton,22-107,2002,19.6,32,18,17,8,7,13,32,40.6,19,21,1,20,13,45,14,0,Matches
7,Nayef Aguerd,ma MAR,DF,West Ham,28-018,1996,20.6,26,14,19,7,0,16,22,72.7,6,33,24,9,17,43,85,2,Matches
8,Brandon Aguilera,cr CRC,FW,Nott'ham Forest,20-294,2003,0.1,0,0,0,0,0,0,0,,0,0,0,0,0,0,0,0,Matches
9,Naouirou Ahamada,fr FRA,"MF,FW",Crystal Palace,22-019,2002,2.7,6,4,3,3,0,4,11,36.4,7,3,0,3,1,7,3,0,Matches
10,Anel Ahmedhodžić,ba BIH,DF,Sheffield Utd,25-022,1999,24.4,55,35,40,13,2,24,42,57.1,18,36,21,15,28,83,123,2,Matches
11,Ola Aina,ng NGA,DF,Nott'ham Forest,27-192,1996,14.8,32,19,23,8,1,19,26,73.1,7,14,3,11,13,45,46,1,Matches
12,Rayan Aït-Nouri,dz ALG,"DF,MF",Wolves,22-316,2001,21.2,54,31,30,18,6,21,36,58.3,15,25,6,19,12,66,31,0,Matches
13,Kristoffer Ajer,no NOR,DF,Brentford,26-000,1998,17.4,32,17,22,8,2,20,32,62.5,12,23,11,12,20,52,70,1,Matches
14,Manuel Akanji,ch SUI,"DF,MF",Manchester City,28-273,1995,22.1,32,22,11,14,7,17,30,56.7,13,23,12,11,22,54,62,2,Matches
15,Nathan Aké,nl NED,DF,Manchester City,29-059,1995,19.5,23,13,15,6,2,12,17,70.6,5,13,2,11,11,34,44,0,Matches
16,Thiago Alcántara,es ESP,MF,Liverpool,33-006,1991,0.1,0,0,0,0,0,0,0,,0,0,0,0,0,0,0,0,Matches
17,Trent Alexander-Arnold,eng ENG,DF,Liverpool,25-193,1998,18.5,28,19,19,8,1,20,68,29.4,48,14,1,13,23,51,40,4,Matches
18,Alisson,br BRA,GK,Liverpool,31-198,1992,22,0,0,0,0,0,0,1,0,1,0,0,0,0,0,11,3,Matches
19,Miguel Almirón,py PAR,FW,Newcastle Utd,30-067,1994,20.5,35,24,12,15,8,11,28,39.3,17,28,2,26,10,45,12,0,Matches
20,Edson Álvarez,mx MEX,MF,West Ham,26-176,1997,23.9,70,34,41,23,6,29,59,49.2,30,55,19,36,37,107,74,0,Matches
21,Julián Álvarez,ar ARG,"MF,FW",Manchester City,24-077,2000,27.2,23,12,5,8,10,7,27,25.9,20,28,0,28,2,25,14,1,Matches
22,Zeki Amdouni,ch SUI,FW,Burnley,23-135,2000,20.3,26,17,1,14,11,7,25,28,18,20,9,11,8,34,10,0,Matches
23,Sofyan Amrabat,ma MAR,"MF,DF",Manchester Utd,27-240,1996,7.2,23,15,14,7,2,16,26,61.5,10,12,3,9,5,28,12,2,Matches
24,Joachim Andersen,dk DEN,DF,Crystal Palace,27-322,1996,32,45,28,31,12,2,25,34,73.5,9,29,18,11,37,82,178,1,Matches
25,Elliot Anderson,sct SCO,"MF,FW",Newcastle Utd,21-163,2002,7.5,16,11,7,7,2,8,18,44.4,10,11,3,8,6,22,18,0,Matches
Rk,Player,Nation,Pos,Squad,Age,Born,90s,Tkl,TklW,Def 3rd,Mid 3rd,Att 3rd,Tkl,Att,Tkl%,Lost,Blocks,Sh,Pass,Int,Tkl+Int,Clr,Err,Matches
26,Jaidon Anthony,eng ENG,FW,Bournemouth,24-138,1999,1.7,3,1,1,0,2,1,7,14.3,6,3,0,3,1,4,3,0,Matches
27,Michail Antonio,jm JAM,FW,West Ham,34-020,1990,14.5,12,6,4,4,4,3,10,30,7,14,3,11,4,16,2,0,Matches
28,Antony,br BRA,FW,Manchester Utd,24-053,2000,12.2,35,18,13,16,6,18,34,52.9,16,24,1,23,8,43,8,0,Matches
29,Oliver Arblaster,eng ENG,MF,Sheffield Utd,19-348,2004,5.1,9,7,3,6,0,5,7,71.4,2,10,4,6,4,13,5,0,Matches
30,Cameron Archer,eng ENG,"FW,MF",Sheffield Utd,22-271,2001,16.3,14,9,6,5,3,6,15,40,9,17,3,14,1,15,10,0,Matches
31,Cameron Archer,eng ENG,MF,Aston Villa,22-271,2001,0.1,0,0,0,0,0,0,0,,0,0,0,0,0,0,0,0,Matches
32,Alphonse Areola,fr FRA,GK,West Ham,31-050,1993,26,1,1,1,0,0,1,3,33.3,2,0,0,0,1,2,13,0,Matches
33,Lorenz Assignon,tg TOG,DF,Burnley,23-300,2000,9.2,25,12,14,9,2,12,20,60,8,13,5,8,10,35,29,1,Matches
34,Serge Aurier,ci CIV,"DF,MF",Nott'ham Forest,31-115,1992,9.3,20,14,9,11,0,5,11,45.5,6,10,3,7,9,29,36,1,Matches
35,Taiwo Awoniyi,ng NGA,FW,Nott'ham Forest,26-249,1997,11.4,9,7,1,4,4,1,2,50,1,7,2,5,1,10,9,0,Matches
36,Jordan Ayew,gh GHA,"FW,MF",Crystal Palace,32-219,1991,26.3,56,30,23,21,12,16,37,43.2,21,42,2,40,15,71,13,0,Matches
37,Benoît Badiashile,fr FRA,DF,Chelsea,23-022,2001,8.2,13,10,8,5,0,6,10,60,4,13,8,5,7,20,35,1,Matches
38,Leon Bailey,jm JAM,"MF,FW",Aston Villa,26-252,1997,19.2,10,5,5,3,2,4,17,23.5,13,14,1,13,8,18,6,0,Matches
39,George Baldock,gr GRE,DF,Sheffield Utd,31-039,1993,10.8,18,10,10,7,1,6,15,40,9,14,8,6,10,28,33,0,Matches
40,Carlos Baleba,cm CMR,MF,Brighton,20-105,2004,12.5,35,17,15,16,4,20,37,54.1,17,31,6,25,15,50,25,3,Matches
41,Fodé Ballo-Touré,sn SEN,"DF,MF",Fulham,27-105,1997,0.6,3,2,1,2,0,1,1,100,0,1,0,1,3,6,2,0,Matches
42,Shandon Baptiste,gd GRN,MF,Brentford,26-009,1998,2.5,4,4,2,2,0,1,5,20,4,5,1,4,3,7,6,0,Matches
43,Valentín Barco,ar ARG,DF,Brighton,19-269,2004,0,0,0,0,0,0,0,0,,0,0,0,0,0,0,0,0,Matches
44,Ross Barkley,eng ENG,MF,Luton Town,30-134,1993,25.8,43,17,14,20,9,9,43,20.9,34,20,7,13,24,67,47,2,Matches
45,Harvey Barnes,eng ENG,FW,Newcastle Utd,26-130,1997,6.5,4,1,1,2,1,0,1,0,1,0,0,0,2,6,1,0,Matches
46,Chris Basham,eng ENG,"DF,MF",Sheffield Utd,35-272,1988,3.6,7,2,4,3,0,2,9,22.2,7,9,4,5,5,12,17,0,Matches
47,Calvin Bassey,ng NGA,DF,Fulham,24-108,1999,20.6,40,23,27,12,1,16,22,72.7,6,25,9,16,25,65,71,3,Matches
48,Owen Beck,wls WAL,DF,Liverpool,21-252,2002,0.1,2,1,1,1,0,0,0,,0,0,0,0,0,2,1,0,Matches
49,Donny van de Beek,nl NED,DF,Manchester Utd,26-365,1997,0,0,0,0,0,0,0,0,,0,1,0,1,0,0,0,0,Matches
50,Amari'i Bell,jm JAM,DF,Luton Town,29-348,1994,19.1,50,33,30,19,1,22,35,62.9,13,33,15,18,25,75,60,1,Matches
Rk,Player,Nation,Pos,Squad,Age,Born,90s,Tkl,TklW,Def 3rd,Mid 3rd,Att 3rd,Tkl,Att,Tkl%,Lost,Blocks,Sh,Pass,Int,Tkl+Int,Clr,Err,Matches
51,Jean-Ricner Bellegarde,fr FRA,"MF,FW",Wolves,25-295,1998,9,15,9,7,6,2,6,13,46.2,7,17,2,15,7,22,13,0,Matches
52,Anis Ben Slimane,tn TUN,MF,Sheffield Utd,23-032,2001,4.1,10,6,5,1,4,4,10,40,6,6,1,5,5,15,6,0,Matches
53,Saïd Benrahma,dz ALG,"FW,MF",West Ham,28-251,1995,6.9,8,4,5,3,0,4,15,26.7,11,8,0,8,5,13,7,0,Matches
54,Rodrigo Bentancur,uy URU,MF,Tottenham,26-297,1997,8.1,17,10,10,5,2,8,21,38.1,13,12,3,9,9,26,14,1,Matches
55,Daniel Bentley,eng ENG,GK,Wolves,30-279,1993,3.3,0,0,0,0,0,0,0,,0,0,0,0,0,0,1,0,Matches
56,Jóhann Berg Guðmundsson,is ISL,MF,Burnley,33-173,1990,12,13,4,6,5,2,7,15,46.7,8,13,0,13,15,28,16,0,Matches
57,Sander Berge,no NOR,MF,Burnley,26-063,1998,28.4,65,38,28,33,4,30,51,58.8,21,43,18,25,20,85,53,1,Matches
58,Luke Berry,eng ENG,"MF,DF",Luton Town,31-280,1992,2.7,5,2,2,3,0,2,2,100,0,4,0,4,0,5,3,0,Matches
59,Beto,gw GNB,FW,Everton,26-077,1998,10.2,14,6,1,6,7,4,11,36.4,7,11,0,11,1,15,14,0,Matches
60,Jordan Beyer,de GER,DF,Burnley,23-334,2000,13.7,35,20,22,12,1,14,24,58.3,10,22,15,7,16,51,68,1,Matches
61,Philip Billing,dk DEN,MF,Bournemouth,27-311,1996,14.9,32,15,6,22,4,9,26,34.6,17,29,5,24,19,51,28,1,Matches
62,Yves Bissouma,ml MLI,MF,Tottenham,27-231,1996,20.2,72,46,29,33,10,38,54,70.4,16,26,5,21,33,105,40,3,Matches
63,Benicio Boaitey,eng ENG,"DF,FW",Brighton,20-099,2004,0.2,0,0,0,0,0,0,0,,0,0,0,0,0,0,2,0,Matches
64,Oscar Bobb,no NOR,"FW,MF",Manchester City,20-280,2003,3.2,6,3,1,2,3,1,3,33.3,2,4,0,4,4,10,1,0,Matches
65,Jayden Bogle,eng ENG,DF,Sheffield Utd,23-265,2000,25.1,53,28,37,14,2,28,60,46.7,32,38,11,27,29,82,82,0,Matches
66,Willy Boly,ci CIV,DF,Nott'ham Forest,33-074,1991,12.1,32,19,28,4,0,15,25,60,10,22,15,7,20,52,71,0,Matches
67,Sven Botman,nl NED,DF,Newcastle Utd,24-096,2000,15.3,20,13,14,6,0,8,13,61.5,5,20,16,4,9,29,61,3,Matches
68,Jarrod Bowen,eng ENG,FW,West Ham,27-119,1996,30.5,39,26,14,12,13,13,33,39.4,20,34,5,29,18,57,14,0,Matches
69,Conor Bradley,nir NIR,DF,Liverpool,20-283,2003,8.1,32,24,13,12,7,23,37,62.2,14,17,1,16,10,42,14,0,Matches
70,Jarrad Branthwaite,eng ENG,DF,Everton,21-295,2002,28.6,55,29,34,19,2,39,52,75,13,35,26,9,46,101,130,1,Matches
71,Ben Brereton,cl CHI,"FW,MF",Sheffield Utd,24-365,1999,6.5,4,2,2,1,1,2,6,33.3,4,4,3,1,0,4,4,0,Matches
72,Rhian Brewster,eng ENG,"FW,MF",Sheffield Utd,24-016,2000,3.4,5,1,1,2,2,0,2,0,2,2,0,2,0,5,2,0,Matches
73,Armando Broja,al ALB,FW,Chelsea,22-220,2001,5,3,0,0,1,2,1,2,50,1,5,1,4,0,3,3,0,Matches
74,Armando Broja,al ALB,FW,Fulham,22-220,2001,0.6,0,0,0,0,0,0,0,,0,1,0,1,0,0,0,0,Matches
75,Andre Brooks,eng ENG,"MF,DF",Sheffield Utd,20-241,2003,7.4,10,7,2,7,1,5,14,35.7,9,11,1,10,9,19,14,0,Matches
Rk,Player,Nation,Pos,Squad,Age,Born,90s,Tkl,TklW,Def 3rd,Mid 3rd,Att 3rd,Tkl,Att,Tkl%,Lost,Blocks,Sh,Pass,Int,Tkl+Int,Clr,Err,Matches
76,David Brooks,wls WAL,"FW,MF",Bournemouth,26-284,1997,3.1,5,4,2,1,2,2,4,50,2,3,0,3,2,7,2,0,Matches
77,Jacob Brown,sct SCO,"MF,FW",Luton Town,26-007,1998,11.3,19,12,7,7,5,7,18,38.9,11,20,1,19,8,27,22,0,Matches
78,Josh Brownhill,eng ENG,MF,Burnley,28-120,1995,23.6,55,34,22,24,9,24,33,72.7,9,31,8,23,33,88,39,1,Matches
79,Jacob Bruun Larsen,dk DEN,"MF,FW",Burnley,25-211,1998,10.4,6,3,2,2,2,5,16,31.3,11,12,0,12,5,11,12,0,Matches
80,Hugo Bueno,es ESP,"DF,MF",Wolves,21-212,2002,6.2,19,13,10,7,2,10,17,58.8,7,13,3,10,5,24,19,0,Matches
81,Santiago Bueno,uy URU,DF,Wolves,25-160,1998,6.5,11,6,5,6,0,4,8,50,4,12,5,7,6,17,25,0,Matches
82,Facundo Buonanotte,ar ARG,"FW,MF",Brighton,19-116,2004,12,33,16,8,20,5,10,32,31.3,22,18,3,15,7,40,4,0,Matches
83,Reece Burke,eng ENG,DF,Luton Town,27-228,1996,15,27,16,13,9,5,7,18,38.9,11,23,17,6,16,43,67,0,Matches
84,Dan Burn,eng ENG,DF,Newcastle Utd,31-344,1992,24.3,52,26,32,18,2,21,54,38.9,33,39,15,24,30,82,101,1,Matches
85,Mason Burstow,eng ENG,FW,Chelsea,20-257,2003,0.1,0,0,0,0,0,0,0,,0,0,0,0,0,0,0,0,Matches
86,Moisés Caicedo,ec ECU,MF,Chelsea,22-167,2001,25.1,68,37,33,28,7,27,47,57.4,20,41,19,22,30,98,33,4,Matches
87,Tom Cairney,sct SCO,MF,Fulham,33-088,1991,15.4,23,15,10,11,2,13,25,52,12,15,4,11,13,36,5,0,Matches
88,Dominic Calvert-Lewin,eng ENG,FW,Everton,27-032,1997,19.8,10,3,1,5,4,2,14,14.3,12,11,3,8,4,14,28,0,Matches
89,Thomas Cannon,ie IRL,FW,Everton,21-111,2002,0,0,0,0,0,0,0,0,,0,0,0,0,0,0,0,0,Matches
90,Diego Carlos,br BRA,DF,Aston Villa,31-033,1993,17,25,14,20,4,1,13,19,68.4,6,18,13,5,13,38,64,2,Matches
91,Cesare Casadei,it ITA,"FW,MF",Chelsea,21-098,2003,0.4,2,1,1,1,0,0,0,,0,1,0,1,0,2,2,0,Matches
92,Casemiro,br BRA,MF,Manchester Utd,32-054,1992,16,58,36,27,25,6,33,75,44,42,59,22,37,13,71,52,0,Matches
93,Matty Cash,pl POL,DF,Aston Villa,26-254,1997,21.1,48,26,21,22,5,24,49,49,25,33,12,21,18,66,52,0,Matches
94,Timothy Castagne,be BEL,DF,Fulham,28-134,1995,25.3,42,20,19,14,9,23,39,59,16,33,8,25,36,78,59,1,Matches
95,Jonny Castro,es ESP,MF,Wolves,30-045,1994,0.1,0,0,0,0,0,0,1,0,1,1,1,0,0,0,0,0,Matches
96,Trevoh Chalobah,eng ENG,DF,Chelsea,24-287,1999,4.4,3,1,2,0,1,2,2,100,0,4,4,0,5,8,24,0,Matches
97,Calum Chambers,eng ENG,"DF,MF",Aston Villa,29-088,1995,0.8,0,0,0,0,0,0,0,,0,2,1,1,0,0,4,0,Matches
98,Youssef Chermiti,pt POR,FW,Everton,19-329,2004,0.9,1,1,1,0,0,0,2,0,2,2,1,1,0,1,0,0,Matches
99,Ben Chilwell,eng ENG,DF,Chelsea,27-118,1996,8.4,15,10,5,9,1,5,8,62.5,3,11,3,8,4,19,19,1,Matches
100,Tawanda Chirewa,eng ENG,MF,Wolves,20-189,2003,0.4,3,1,2,1,0,1,1,100,0,0,0,0,1,4,0,0,Matches
Rk,Player,Nation,Pos,Squad,Age,Born,90s,Tkl,TklW,Def 3rd,Mid 3rd,Att 3rd,Tkl,Att,Tkl%,Lost,Blocks,Sh,Pass,Int,Tkl+Int,Clr,Err,Matches
101,Leon Chiwome,eng ENG,FW,Wolves,18-098,2006,1.9,2,1,0,1,1,1,2,50,1,3,1,2,0,2,2,0,Matches
102,Tahith Chong,nl NED,MF,Luton Town,24-135,1999,17.3,27,15,17,8,2,9,22,40.9,13,23,5,18,6,33,6,0,Matches
103,Ryan Christie,sct SCO,MF,Bournemouth,29-055,1995,27.3,74,36,31,29,14,34,76,44.7,42,38,6,32,42,116,40,0,Matches
104,Carney Chukwuemeka,eng ENG,"MF,FW",Chelsea,20-180,2003,2.5,6,4,3,3,0,1,3,33.3,2,1,1,0,0,6,1,0,Matches
105,Bobby Clark,eng ENG,MF,Liverpool,19-070,2005,1,2,1,1,1,0,1,5,20,4,6,2,4,1,3,1,0,Matches
106,Jordan Clark,eng ENG,MF,Luton Town,30-208,1993,11.5,25,15,11,10,4,10,33,30.3,23,22,3,19,8,33,10,1,Matches
107,Nathaniel Clyne,eng ENG,"DF,MF",Crystal Palace,33-012,1991,9,15,9,7,6,2,9,14,64.3,5,13,5,8,4,19,25,0,Matches
108,Séamus Coleman,ie IRL,DF,Everton,35-189,1988,5.1,14,12,8,3,3,9,14,64.3,5,8,4,4,5,19,14,1,Matches
109,Nathan Collins,ie IRL,DF,Brentford,22-353,2001,25.5,33,18,20,11,2,19,29,65.5,10,37,22,15,37,70,125,4,Matches
110,Levi Colwill,eng ENG,DF,Chelsea,21-051,2003,20,48,30,26,17,5,26,34,76.5,8,28,10,18,26,74,66,0,Matches
111,Lewis Cook,eng ENG,MF,Bournemouth,27-074,1997,25,50,34,23,23,4,29,52,55.8,23,23,7,16,51,101,36,1,Matches
112,Jack Cork,eng ENG,MF,Burnley,34-297,1989,0.2,2,0,0,2,0,1,3,33.3,2,0,0,0,0,2,1,0,Matches
113,Maxwel Cornet,ci CIV,"MF,FW",West Ham,27-203,1996,1.2,3,2,3,0,0,1,5,20,4,2,0,2,2,5,1,0,Matches
114,Vladimír Coufal,cz CZE,DF,West Ham,31-239,1992,29.8,54,36,43,9,2,34,60,56.7,26,39,11,28,36,90,85,0,Matches
115,Philippe Coutinho,br BRA,"MF,FW",Aston Villa,31-310,1992,0.3,0,0,0,0,0,0,1,0,1,0,0,0,0,0,0,0,Matches
116,Aaron Cresswell,eng ENG,"DF,FW",West Ham,34-124,1989,3.1,2,1,1,0,1,1,2,50,1,3,2,1,3,5,5,0,Matches
117,Marc Cucurella,es ESP,DF,Chelsea,25-270,1998,12.8,39,27,21,16,2,22,42,52.4,20,25,8,17,15,54,31,0,Matches
118,Josh Cullen,ie IRL,MF,Burnley,28-010,1996,18,28,19,11,15,2,18,36,50,18,24,15,9,12,40,20,0,Matches
119,Matheus Cunha,br BRA,"FW,MF",Wolves,24-326,1999,23.2,27,13,7,17,3,12,33,36.4,21,23,7,16,13,40,17,1,Matches
120,Mahmoud Dahoud,de GER,MF,Brighton,28-107,1996,5,9,4,2,4,3,3,9,33.3,6,4,1,3,1,10,5,0,Matches
121,Ameen Al-Dakhil,be BEL,DF,Burnley,22-042,2002,11.7,12,5,4,7,1,1,10,10,9,13,6,7,12,24,38,2,Matches
122,Diogo Dalot,pt POR,DF,Manchester Utd,25-030,1999,29.3,69,43,51,9,9,43,63,68.3,20,41,15,26,35,104,91,0,Matches
123,Mikkel Damsgaard,dk DEN,MF,Brentford,23-289,2000,6.3,19,10,10,6,3,11,31,35.5,20,17,1,16,10,29,7,1,Matches
124,Danilo,br BRA,MF,Nott'ham Forest,22-354,2001,15.3,23,12,12,10,1,14,32,43.8,18,30,8,22,29,52,31,0,Matches
125,Arnaut Danjuma,nl NED,"MF,FW",Everton,27-077,1997,6.6,6,4,2,3,1,1,4,25,3,4,0,4,3,9,0,0,Matches
Rk,Player,Nation,Pos,Squad,Age,Born,90s,Tkl,TklW,Def 3rd,Mid 3rd,Att 3rd,Tkl,Att,Tkl%,Lost,Blocks,Sh,Pass,Int,Tkl+Int,Clr,Err,Matches
126,Jayden Danns,eng ENG,FW,Liverpool,18-092,2006,0.1,0,0,0,0,0,0,0,,0,0,0,0,0,0,0,0,Matches
127,Josh Dasilva,eng ENG,"DF,FW",Brentford,25-177,1998,0.3,2,1,0,1,1,0,0,,0,0,0,0,0,2,0,0,Matches
128,David Datro Fofana,ci CIV,FW,Burnley,21-117,2002,9,9,4,2,5,2,3,6,50,3,5,2,3,0,9,2,0,Matches
129,Ben Davies,wls WAL,DF,Tottenham,30-359,1993,11.1,21,17,13,6,2,15,18,83.3,3,16,14,2,10,31,33,0,Matches
130,Tom Davies,eng ENG,MF,Sheffield Utd,25-292,1998,2.5,10,5,4,3,3,3,9,33.3,6,2,1,1,3,13,6,1,Matches
131,Craig Dawson,eng ENG,DF,Wolves,33-347,1990,24.5,30,20,23,6,1,22,34,64.7,12,51,39,12,16,46,120,1,Matches
132,Kevin De Bruyne,be BEL,MF,Manchester City,32-294,1991,8.4,8,6,1,4,3,4,12,33.3,8,4,0,4,2,10,3,0,Matches
133,Hannes Delcroix,be BEL,DF,Burnley,25-049,1999,6.5,10,6,6,4,0,3,4,75,1,9,3,6,9,19,26,0,Matches
134,Leander Dendoncker,be BEL,MF,Aston Villa,29-002,1995,1.3,6,4,3,2,1,4,5,80,1,5,2,3,2,8,3,1,Matches
135,Moussa Diaby,fr FRA,"FW,MF",Aston Villa,24-285,1999,19.8,11,5,4,4,3,4,16,25,12,8,1,7,6,17,4,0,Matches
136,Amad Diallo,ci CIV,FW,Manchester Utd,21-281,2002,1,3,1,0,2,1,1,1,100,0,1,0,1,0,3,0,0,Matches
137,Amadou Diallo,eng ENG,MF,Newcastle Utd,21-062,2003,0,0,0,0,0,0,0,0,,0,0,0,0,0,0,0,0,Matches
138,Rúben Dias,pt POR,DF,Manchester City,26-339,1997,25.4,36,18,13,20,3,18,25,72,7,30,16,14,25,61,73,0,Matches
139,Luis Díaz,co COL,FW,Liverpool,27-095,1997,24.1,26,20,4,11,11,6,27,22.2,21,14,0,14,3,29,8,0,Matches
140,Eric Dier,eng ENG,DF,Tottenham,30-093,1994,2.2,2,1,2,0,0,2,2,100,0,3,3,0,2,4,12,0,Matches
141,Lucas Digne,fr FRA,DF,Aston Villa,30-272,1993,21.8,36,17,26,9,1,20,35,57.1,15,14,1,13,24,60,53,0,Matches
142,Issa Diop,fr FRA,DF,Fulham,27-099,1997,12.8,23,12,17,5,1,11,16,68.8,5,20,14,6,12,35,63,1,Matches
143,Axel Disasi,fr FRA,DF,Chelsea,26-037,1998,27.6,31,18,18,10,3,21,28,75,7,26,19,7,17,48,97,2,Matches
144,Ben Doak,sct SCO,FW,Liverpool,18-158,2005,0.2,0,0,0,0,0,0,0,,0,0,0,0,0,0,0,0,Matches
145,Lewis Dobbin,eng ENG,MF,Everton,21-105,2003,2.3,7,6,3,3,1,5,9,55.6,4,4,1,3,1,8,0,0,Matches
146,Matt Doherty,ie IRL,"DF,MF",Wolves,32-092,1992,9.3,22,11,13,6,3,9,16,56.3,7,10,3,7,5,27,37,0,Matches
147,Jeremy Doku,be BEL,"FW,MF",Manchester City,21-326,2002,15.5,31,20,11,11,9,9,18,50,9,11,0,11,8,39,4,0,Matches
148,Nicolás Domínguez,ar ARG,"MF,FW",Nott'ham Forest,25-294,1998,15.7,62,33,34,27,1,23,48,47.9,25,29,5,24,15,77,23,0,Matches
149,Jamie Donley,eng ENG,FW,Tottenham,19-105,2005,0,0,0,0,0,0,0,0,,0,0,0,0,0,0,3,0,Matches
150,Abdoulaye Doucouré,ml MLI,"FW,MF",Everton,31-107,1993,23.9,40,24,18,14,8,16,38,42.1,22,21,2,19,14,54,13,0,Matches
Rk,Player,Nation,Pos,Squad,Age,Born,90s,Tkl,TklW,Def 3rd,Mid 3rd,Att 3rd,Tkl,Att,Tkl%,Lost,Blocks,Sh,Pass,Int,Tkl+Int,Clr,Err,Matches
151,Cheick Doucouré,ml MLI,MF,Crystal Palace,24-100,2000,10.2,34,17,15,13,6,18,30,60,12,13,2,11,20,54,12,0,Matches
152,Alfie Doughty,eng ENG,DF,Luton Town,24-118,1999,27.6,51,33,25,15,11,29,70,41.4,41,42,7,35,27,78,35,3,Matches
153,Tommy Doyle,eng ENG,MF,Wolves,22-183,2001,11.8,23,11,9,9,5,14,22,63.6,8,21,8,13,12,35,16,0,Matches
154,Radu Drăgușin,ro ROU,DF,Tottenham,22-074,2002,2.6,1,1,1,0,0,1,1,100,0,4,4,0,5,6,14,0,Matches
155,Martin Dúbravka,sk SVK,GK,Newcastle Utd,35-093,1989,17.1,0,0,0,0,0,0,3,0,3,0,0,0,0,0,6,1,Matches
156,Paul Dummett,wls WAL,DF,Newcastle Utd,32-204,1991,0.2,1,0,1,0,0,1,1,100,0,0,0,0,0,1,1,0,Matches
157,Lewis Dunk,eng ENG,DF,Brighton,32-148,1991,27.4,23,11,13,9,1,10,31,32.3,21,42,32,10,27,50,68,1,Matches
158,Jhon Durán,co COL,"FW,MF",Aston Villa,20-126,2003,3.8,5,4,2,1,2,1,4,25,3,6,0,6,1,6,7,0,Matches
159,George Earthy,eng ENG,FW,West Ham,19-225,2004,0.1,0,0,0,0,0,0,0,,0,0,0,0,1,1,0,0,Matches
160,Ederson,br BRA,GK,Manchester City,30-244,1993,26.7,0,0,0,0,0,0,1,0,1,0,0,0,0,0,6,1,Matches
161,Odsonne Édouard,fr FRA,"FW,MF",Crystal Palace,26-092,1998,16.1,21,10,8,6,7,3,17,17.6,14,15,1,14,5,26,19,0,Matches
162,John Egan,ie IRL,DF,Sheffield Utd,31-180,1992,5.4,6,4,4,2,0,4,11,36.4,7,10,4,6,13,19,39,1,Matches
163,Hjalmar Ekdal,se SWE,DF,Burnley,25-179,1998,4.3,4,2,2,2,0,2,4,50,2,10,5,5,6,10,18,0,Matches
164,Anthony Elanga,se SWE,"FW,MF",Nott'ham Forest,21-356,2002,23.9,32,18,19,6,7,16,33,48.5,17,22,2,20,7,39,18,1,Matches
165,Harvey Elliott,eng ENG,"MF,FW",Liverpool,21-013,2003,10.1,18,13,3,12,3,7,22,31.8,15,18,0,18,5,23,6,0,Matches
166,Mohamed Elneny,eg EGY,MF,Arsenal,31-281,1992,0.3,0,0,0,0,0,0,1,0,1,0,0,0,1,1,0,0,Matches
167,Emerson,br BRA,DF,Tottenham,25-094,1999,11.1,31,21,19,9,3,19,35,54.3,16,17,8,9,20,51,46,1,Matches
168,Julio Enciso,py PAR,"MF,FW",Brighton,20-085,2004,2.6,1,0,1,0,0,0,3,0,3,7,0,7,0,1,2,0,Matches
169,Wataru Endo,jp JPN,MF,Liverpool,31-068,1993,14.4,36,21,7,25,4,14,41,34.1,27,20,2,18,15,51,22,1,Matches
170,Christian Eriksen,dk DEN,MF,Manchester Utd,32-063,1992,9.9,14,12,4,7,3,8,27,29.6,19,14,5,9,3,17,10,0,Matches
171,Maxime Estève,fr FRA,DF,Burnley,21-327,2002,10.1,18,6,9,9,0,14,24,58.3,10,15,7,8,17,35,42,0,Matches
172,Pervis Estupiñán,ec ECU,DF,Brighton,26-087,1998,13.8,26,13,12,11,3,14,30,46.7,16,14,4,10,21,47,20,0,Matches
173,Jonny Evans,nir NIR,DF,Manchester Utd,36-105,1988,12.3,12,7,10,2,0,9,16,56.3,7,22,16,6,18,30,66,0,Matches
174,Eberechi Eze,eng ENG,"MF,FW",Crystal Palace,25-293,1998,18.2,27,11,2,14,11,12,27,44.4,15,20,2,18,9,36,5,0,Matches
175,Łukasz Fabiański,pl POL,GK,West Ham,38-365,1985,7,1,0,1,0,0,1,2,50,1,0,0,0,1,2,4,0,Matches
Rk,Player,Nation,Pos,Squad,Age,Born,90s,Tkl,TklW,Def 3rd,Mid 3rd,Att 3rd,Tkl,Att,Tkl%,Lost,Blocks,Sh,Pass,Int,Tkl+Int,Clr,Err,Matches
176,Romain Faivre,fr FRA,"FW,MF",Bournemouth,25-278,1998,0.4,1,1,0,1,0,0,3,0,3,0,0,0,0,1,0,0,Matches
177,Ansu Fati,es ESP,"MF,FW",Brighton,21-169,2002,5.6,4,2,1,2,1,1,11,9.1,10,8,0,8,3,7,3,0,Matches
178,Felipe,br BRA,DF,Nott'ham Forest,34-337,1989,4.2,12,9,9,3,0,9,12,75,3,4,1,3,4,16,12,0,Matches
179,Evan Ferguson,ie IRL,FW,Brighton,19-181,2004,15.2,14,6,4,7,3,5,14,35.7,9,10,3,7,2,16,8,0,Matches
180,Bruno Fernandes,pt POR,"MF,FW",Manchester Utd,29-222,1994,31,64,37,26,23,15,28,83,33.7,55,45,6,39,23,87,44,1,Matches
181,Enzo Fernández,ar ARG,MF,Chelsea,23-091,2001,23.8,48,22,20,18,10,26,62,41.9,36,36,13,23,17,65,28,0,Matches
182,John Fleck,sct SCO,"MF,DF",Sheffield Utd,32-237,1991,1,1,0,0,1,0,0,1,0,1,0,0,0,0,1,1,0,Matches
183,Mark Flekken,nl NED,GK,Brentford,30-309,1993,31.5,1,1,1,0,0,1,4,25,3,1,0,1,0,1,14,1,Matches
184,Phil Foden,eng ENG,"FW,MF",Manchester City,23-325,2000,27.2,27,17,10,9,8,12,25,48,13,22,0,22,13,40,16,1,Matches
185,Wes Foderingham,eng ENG,GK,Sheffield Utd,33-094,1991,24.4,3,1,3,0,0,3,4,75,1,0,0,0,0,3,12,6,Matches
186,Pablo Fornals,es ESP,"MF,FW",West Ham,28-055,1996,4.7,10,6,4,3,3,5,16,31.3,11,8,1,7,6,16,7,0,Matches
187,Omari Forson,eng ENG,FW,Manchester Utd,19-272,2004,0.7,2,0,0,2,0,1,1,100,0,0,0,0,0,2,0,0,Matches
188,Lyle Foster,za RSA,"FW,MF",Burnley,23-227,2000,16.3,18,9,5,6,7,6,15,40,9,12,3,9,3,21,26,0,Matches
189,Matheus França,br BRA,"MF,FW",Crystal Palace,20-016,2004,2.6,3,3,2,1,0,1,7,14.3,6,4,0,4,1,4,1,0,Matches
190,Nathan Fraser,ie IRL,FW,Wolves,19-055,2005,2.1,5,2,2,1,2,1,3,33.3,2,2,1,1,1,6,2,0,Matches
191,Cody Gakpo,nl NED,"FW,MF",Liverpool,24-346,1999,13.7,19,12,5,10,4,5,16,31.3,11,19,4,15,8,27,7,0,Matches
192,Conor Gallagher,eng ENG,MF,Chelsea,24-071,2000,27.9,71,43,28,28,15,29,60,48.3,31,42,8,34,38,109,19,0,Matches
193,Idrissa Gana Gueye,sn SEN,MF,Everton,34-204,1989,15.4,59,39,25,21,13,22,39,56.4,17,17,4,13,20,79,10,0,Matches
194,Alejandro Garnacho,ar ARG,FW,Manchester Utd,19-291,2004,22.6,20,13,7,5,8,10,38,26.3,28,23,2,21,16,36,18,0,Matches
195,James Garner,eng ENG,MF,Everton,23-035,2001,28.5,74,39,29,33,12,32,77,41.6,45,40,11,29,43,117,43,1,Matches
196,Saman Ghoddos,ir IRN,DF,Brentford,30-224,1993,7.9,26,17,19,5,2,17,28,60.7,11,9,2,7,5,31,11,0,Matches
197,Morgan Gibbs-White,eng ENG,"MF,FW",Nott'ham Forest,24-081,2000,30.1,34,23,6,18,10,14,30,46.7,16,26,6,20,12,46,18,0,Matches
198,Bryan Gil,es ESP,"FW,MF",Tottenham,23-066,2001,2.2,1,0,0,0,1,1,3,33.3,2,3,0,3,3,4,4,0,Matches
199,Alfie Gilchrist,eng ENG,DF,Chelsea,20-141,2003,0.5,2,0,2,0,0,1,2,50,1,2,1,1,1,3,3,0,Matches
200,Billy Gilmour,sct SCO,MF,Brighton,22-311,2001,19.8,21,14,13,6,2,9,30,30,21,21,8,13,8,29,14,1,Matches
Rk,Player,Nation,Pos,Squad,Age,Born,90s,Tkl,TklW,Def 3rd,Mid 3rd,Att 3rd,Tkl,Att,Tkl%,Lost,Blocks,Sh,Pass,Int,Tkl+Int,Clr,Err,Matches
201,Ben Godfrey,eng ENG,DF,Everton,26-093,1998,9.4,25,17,16,5,4,13,24,54.2,11,10,5,5,10,35,38,0,Matches
202,André Gomes,pt POR,"MF,FW",Everton,30-262,1993,4.3,7,4,2,3,2,3,12,25,9,9,1,8,3,10,3,1,Matches
203,João Gomes,br BRA,MF,Wolves,23-065,2001,23.7,106,63,56,41,9,37,79,46.8,42,46,4,42,18,124,24,2,Matches
204,Toti Gomes,pt POR,DF,Wolves,25-092,1999,24.8,40,25,29,7,4,20,27,74.1,7,26,14,12,23,63,72,1,Matches
205,Joe Gomez,eng ENG,DF,Liverpool,26-330,1997,18.2,43,28,22,14,7,28,60,46.7,32,26,4,22,15,58,46,2,Matches
206,Sergio Gómez,es ESP,FW,Manchester City,23-226,2000,0.5,1,0,0,1,0,1,2,50,1,0,0,0,1,2,0,0,Matches
207,Anthony Gordon,eng ENG,FW,Newcastle Utd,23-053,2001,27.3,43,26,12,23,8,17,56,30.4,39,26,0,26,7,50,6,0,Matches
208,Kaide Gordon,eng ENG,FW,Liverpool,19-195,2004,0,0,0,0,0,0,0,0,,0,0,0,0,0,0,0,0,Matches
209,Daniel Gore,eng ENG,MF,Manchester Utd,19-204,2004,0,1,1,0,1,0,1,1,100,0,0,0,0,1,2,0,0,Matches
210,Ryan Gravenberch,nl NED,MF,Liverpool,21-337,2002,10.1,22,9,5,10,7,9,24,37.5,15,15,1,14,13,35,11,0,Matches
211,Ivo Grbić,hr CRO,GK,Sheffield Utd,28-090,1996,7.6,0,0,0,0,0,0,0,,0,1,0,1,0,0,8,1,Matches
212,Jack Grealish,eng ENG,FW,Manchester City,28-220,1995,10.2,13,8,6,7,0,6,11,54.5,5,12,2,10,6,19,5,0,Matches
213,Pascal Groß,de GER,"MF,DF",Brighton,32-307,1991,28.6,59,36,28,16,15,25,58,43.1,33,36,7,29,21,80,27,3,Matches
214,Marc Guéhi,eng ENG,DF,Crystal Palace,23-279,2000,21.2,26,17,21,5,0,13,23,56.5,10,22,17,5,18,44,86,1,Matches
215,Bruno Guimarães,br BRA,MF,Newcastle Utd,26-153,1997,30.3,72,39,39,25,8,30,63,47.6,33,46,11,35,29,101,19,0,Matches
216,Malo Gusto,fr FRA,DF,Chelsea,20-334,2003,17.9,50,24,31,14,5,31,47,66,16,28,4,24,15,65,39,1,Matches
217,Joško Gvardiol,hr CRO,DF,Manchester City,22-085,2002,19.9,41,27,14,20,7,16,28,57.1,12,23,10,13,22,63,31,3,Matches
218,Erling Haaland,no NOR,FW,Manchester City,23-271,2000,24.2,5,2,0,3,2,2,3,66.7,1,9,1,8,2,7,13,0,Matches
219,Antwoine Hackford,eng ENG,FW,Sheffield Utd,20-028,2004,0.1,0,0,0,0,0,0,0,,0,0,0,0,0,0,0,0,Matches
220,Lewis Hall,eng ENG,DF,Newcastle Utd,19-222,2004,3.5,18,12,11,7,0,10,18,55.6,8,9,0,9,5,23,10,0,Matches
221,Gustavo Hamer,nl NED,MF,Sheffield Utd,26-298,1997,26.6,35,19,17,13,5,13,51,25.5,38,23,3,20,28,63,31,0,Matches
222,Luke Harris,wls WAL,MF,Fulham,19-014,2005,0.8,1,1,1,0,0,0,1,0,1,0,0,0,0,1,0,0,Matches
223,Jack Harrison,eng ENG,"MF,FW",Everton,27-149,1996,20.6,25,13,5,11,9,12,36,33.3,24,20,2,18,10,35,18,0,Matches
224,Daiki Hashioka,jp JPN,DF,Luton Town,24-336,1999,4.7,6,3,3,2,1,3,9,33.3,6,9,6,3,6,12,17,0,Matches
225,Kai Havertz,de GER,"MF,FW",Arsenal,24-311,1999,23.5,27,13,4,17,6,12,34,35.3,22,25,1,24,15,42,17,0,Matches
Rk,Player,Nation,Pos,Squad,Age,Born,90s,Tkl,TklW,Def 3rd,Mid 3rd,Att 3rd,Tkl,Att,Tkl%,Lost,Blocks,Sh,Pass,Int,Tkl+Int,Clr,Err,Matches
226,Jan Paul van Hecke,nl NED,DF,Brighton,23-314,2000,25.3,43,25,24,16,3,26,44,59.1,18,48,26,22,27,70,73,4,Matches
227,Hwang Hee-chan,kr KOR,"FW,MF",Wolves,28-082,1996,18.4,16,8,9,6,1,8,21,38.1,13,18,1,17,8,24,9,0,Matches
228,Dean Henderson,eng ENG,GK,Crystal Palace,27-036,1997,12,0,0,0,0,0,0,1,0,1,0,0,0,0,0,8,1,Matches
229,Rico Henry,eng ENG,DF,Brentford,26-284,1997,4.5,7,5,3,3,1,6,7,85.7,1,8,3,5,5,12,5,1,Matches
230,Son Heung-min,kr KOR,FW,Tottenham,31-284,1992,26.6,15,9,5,5,5,7,17,41.2,10,4,1,3,8,23,4,0,Matches
231,Aaron Hickey,sct SCO,DF,Brentford,21-312,2002,7.9,16,9,9,3,4,7,7,100,0,7,3,4,3,19,10,0,Matches
232,James Hill,eng ENG,DF,Bournemouth,22-098,2002,0.8,3,2,1,2,0,1,1,100,0,1,1,0,2,5,6,0,Matches
233,Jack Hinshelwood,eng ENG,DF,Brighton,19-006,2005,9.7,14,5,7,4,3,5,13,38.5,8,6,2,4,14,28,18,0,Matches
234,Mason Holgate,eng ENG,DF,Sheffield Utd,27-178,1996,5.9,9,5,5,3,1,5,9,55.6,4,10,3,7,7,16,34,0,Matches
235,Callum Hudson-Odoi,eng ENG,FW,Nott'ham Forest,23-162,2000,15.8,12,4,2,4,6,5,22,22.7,17,14,1,13,5,17,11,0,Matches
236,Will Hughes,eng ENG,MF,Crystal Palace,29-000,1995,17.2,54,29,28,15,11,20,39,51.3,19,27,9,18,15,69,24,0,Matches
237,Pierre Højbjerg,dk DEN,MF,Tottenham,28-256,1995,12.3,24,14,9,13,2,11,30,36.7,19,20,7,13,17,41,27,1,Matches
238,Rasmus Højlund,dk DEN,FW,Manchester Utd,21-073,2003,20,10,6,2,3,5,5,13,38.5,8,6,1,5,1,11,16,0,Matches
239,Igor,br BRA,DF,Brighton,26-070,1998,13,18,11,4,12,2,11,20,55,9,14,7,7,12,30,39,0,Matches
240,Danny Ings,eng ENG,FW,West Ham,31-269,1992,3.9,5,2,0,5,0,3,9,33.3,6,4,1,3,2,7,6,0,Matches
241,Tim Iroegbunam,eng ENG,MF,Aston Villa,20-292,2003,1.4,7,5,4,2,1,4,8,50,4,3,0,3,2,9,1,0,Matches
242,Alexander Isak,se SWE,FW,Newcastle Utd,24-209,1999,19.6,4,0,2,1,1,1,7,14.3,6,15,1,14,5,9,8,0,Matches
243,Alex Iwobi,ng NGA,MF,Everton,27-350,1996,1.6,2,0,1,0,1,2,3,66.7,1,2,0,2,1,3,0,0,Matches
244,Alex Iwobi,ng NGA,"FW,MF",Fulham,27-350,1996,19.4,22,14,10,11,1,9,21,42.9,12,14,0,14,13,35,7,0,Matches
245,Nicolas Jackson,sn SEN,FW,Chelsea,22-302,2001,24.1,14,10,2,6,6,3,21,14.3,18,18,5,13,3,17,15,0,Matches
246,Reece James,eng ENG,DF,Chelsea,24-131,1999,4.3,13,8,10,2,1,8,10,80,2,4,4,0,3,16,7,1,Matches
247,Vitaly Janelt,de GER,"MF,DF",Brentford,25-343,1998,29.7,57,34,28,21,8,30,60,50,30,30,9,21,32,89,55,1,Matches
248,Mathias Jensen,dk DEN,MF,Brentford,28-107,1996,21.6,50,29,24,20,6,24,88,27.3,64,36,6,30,18,68,22,1,Matches
249,Gabriel Jesus,br BRA,FW,Arsenal,27-014,1997,15,22,15,11,4,7,4,16,25,12,22,1,21,10,32,12,0,Matches
250,Raúl Jiménez,mx MEX,FW,Fulham,32-348,1991,14.2,16,11,3,8,5,7,19,36.8,12,9,2,7,3,19,12,0,Matches
Rk,Player,Nation,Pos,Squad,Age,Born,90s,Tkl,TklW,Def 3rd,Mid 3rd,Att 3rd,Tkl,Att,Tkl%,Lost,Blocks,Sh,Pass,Int,Tkl+Int,Clr,Err,Matches
251,João Pedro,br BRA,"FW,MF",Brighton,22-204,2001,17.8,26,14,9,11,6,11,19,57.9,8,12,1,11,9,35,23,0,Matches
252,Joelinton,br BRA,"MF,FW",Newcastle Utd,27-247,1996,12.6,30,22,16,12,2,10,30,33.3,20,19,5,14,17,47,11,1,Matches
253,Ryan John Giles,eng ENG,"DF,MF",Luton Town,24-082,2000,5.6,8,6,4,3,1,2,7,28.6,5,2,0,2,4,12,22,0,Matches
254,Ben Johnson,eng ENG,"DF,FW",West Ham,24-084,2000,5.5,10,6,7,2,1,8,12,66.7,4,2,1,1,5,15,12,0,Matches
255,Brennan Johnson,wls WAL,FW,Tottenham,22-330,2001,17.6,22,13,13,4,5,11,28,39.3,17,27,0,27,8,30,12,1,Matches
256,Brennan Johnson,wls WAL,"FW,MF",Nott'ham Forest,22-330,2001,2.6,4,1,1,1,2,2,4,50,2,4,1,3,0,4,0,0,Matches
257,Joseph Johnson,eng ENG,DF,Luton Town,18-056,2006,0,0,0,0,0,0,0,0,,0,0,0,0,0,0,0,0,Matches
258,Sam Johnstone,eng ENG,GK,Crystal Palace,31-023,1993,20,1,0,1,0,0,1,1,100,0,0,0,0,1,2,5,0,Matches
259,Curtis Jones,eng ENG,MF,Liverpool,23-078,2001,12,26,14,12,11,3,10,22,45.5,12,19,0,19,7,33,8,0,Matches
260,Jorginho,it ITA,MF,Arsenal,32-119,1991,10,21,8,6,7,8,10,22,45.5,12,17,1,16,11,32,6,1,Matches
261,Diogo Jota,pt POR,FW,Liverpool,27-135,1996,11.9,23,13,6,13,4,10,22,45.5,12,8,1,7,6,29,4,0,Matches
262,Mads Juel Andersen,dk DEN,DF,Luton Town,26-112,1997,4.4,6,5,4,2,0,4,4,100,0,9,6,3,8,14,29,0,Matches
263,Hamed Junior Traorè,ci CIV,MF,Bournemouth,24-061,2000,0.5,1,0,1,0,0,1,3,33.3,2,3,0,3,0,1,0,0,Matches
264,Mathias Jørgensen,dk DEN,DF,Brentford,33-360,1990,11.1,15,11,13,1,1,9,16,56.3,7,9,5,4,12,27,38,0,Matches
265,Issa Kaboré,bf BFA,DF,Luton Town,22-341,2001,18.8,51,28,23,21,7,24,45,53.3,21,21,11,10,16,67,53,2,Matches
266,Sasa Kalajdzic,at AUT,FW,Wolves,26-285,1997,1.8,6,2,3,2,1,1,2,50,1,3,0,3,1,7,6,0,Matches
267,Boubacar Kamara,fr FRA,MF,Aston Villa,24-146,1999,18.4,43,29,16,21,6,24,47,51.1,23,21,7,14,21,64,16,0,Matches
268,Willy Kambwala,fr FRA,DF,Manchester Utd,19-236,2004,3.5,2,0,1,1,0,1,3,33.3,2,6,3,3,4,6,14,1,Matches
269,Thomas Kaminski,be BEL,GK,Luton Town,31-177,1992,33,2,1,2,0,0,2,6,33.3,4,1,0,1,0,2,10,2,Matches
270,Loris Karius,de GER,GK,Newcastle Utd,30-300,1993,1,0,0,0,0,0,0,0,,0,0,0,0,0,0,1,0,Matches
271,Michael Keane,eng ENG,DF,Everton,31-097,1993,4.9,7,3,3,3,1,1,7,14.3,6,5,4,1,5,12,18,1,Matches
272,Thilo Kehrer,de GER,"DF,MF",West Ham,27-209,1996,0.2,1,1,0,1,0,0,0,,0,2,2,0,0,1,0,0,Matches
273,Caoimhín Kelleher,ie IRL,GK,Liverpool,25-146,1998,10,0,0,0,0,0,0,0,,0,0,0,0,0,0,4,1,Matches
274,Lloyd Kelly,eng ENG,DF,Bournemouth,25-194,1998,14.1,24,19,10,9,5,14,23,60.9,9,17,8,9,8,32,55,0,Matches
275,Omari Kellyman,eng ENG,FW,Aston Villa,18-215,2005,0.2,0,0,0,0,0,0,1,0,1,0,0,0,0,0,0,0,Matches
Rk,Player,Nation,Pos,Squad,Age,Born,90s,Tkl,TklW,Def 3rd,Mid 3rd,Att 3rd,Tkl,Att,Tkl%,Lost,Blocks,Sh,Pass,Int,Tkl+Int,Clr,Err,Matches
276,Milos Kerkez,hu HUN,DF,Bournemouth,20-162,2003,19,44,25,28,13,3,28,39,71.8,11,27,10,17,19,63,56,1,Matches
277,Kaine Kesler-Hayden,eng ENG,DF,Aston Villa,21-177,2002,0,0,0,0,0,0,0,0,,0,0,0,0,0,0,0,0,Matches
278,Max Kilman,eng ENG,DF,Wolves,26-330,1997,32,41,17,35,5,1,22,30,73.3,8,48,24,24,33,74,155,4,Matches
279,Jakub Kiwior,pl POL,DF,Arsenal,24-062,2000,9.5,19,12,10,8,1,14,19,73.7,5,10,3,7,6,25,25,0,Matches
280,Justin Kluivert,nl NED,"MF,FW",Bournemouth,24-348,1999,16.3,23,11,3,10,10,6,24,25,18,12,1,11,6,29,9,0,Matches
281,Luca Koleosho,it ITA,"MF,FW",Burnley,19-215,2004,10.8,7,4,2,5,0,2,10,20,8,13,0,13,2,9,0,0,Matches
282,Ibrahima Konaté,fr FRA,DF,Liverpool,24-328,1999,16.8,34,22,21,12,1,17,23,73.9,6,18,12,6,20,54,50,0,Matches
283,Ezri Konsa,eng ENG,DF,Aston Villa,26-177,1997,29.1,41,24,22,16,3,20,23,87,3,31,17,14,27,68,64,3,Matches
284,Cheikhou Kouyaté,sn SEN,MF,Nott'ham Forest,34-118,1989,2.3,8,5,3,3,2,1,4,25,3,4,1,3,2,10,10,0,Matches
285,Mateo Kovačić,hr CRO,MF,Manchester City,29-347,1994,12.8,28,20,13,11,4,13,19,68.4,6,14,1,13,4,32,8,0,Matches
286,Emil Krafth,se SWE,DF,Newcastle Utd,29-259,1994,4.6,8,5,5,2,1,6,11,54.5,5,5,0,5,4,12,9,0,Matches
287,Dejan Kulusevski,se SWE,"FW,MF",Tottenham,23-358,2000,25.8,53,27,16,18,19,20,57,35.1,37,20,1,19,14,67,2,1,Matches
288,Adam Lallana,eng ENG,MF,Brighton,35-343,1988,8.3,7,2,3,4,0,0,4,0,4,2,1,1,2,9,1,0,Matches
289,Tariq Lamptey,gh GHA,"DF,FW",Brighton,23-200,2000,8.5,17,12,12,4,1,10,19,52.6,9,5,2,3,5,22,4,0,Matches
290,Aymeric Laporte,es ESP,DF,Manchester City,29-326,1994,0.1,0,0,0,0,0,0,0,,0,1,1,0,0,0,1,0,Matches
291,Yasser Larouci,dz ALG,DF,Sheffield Utd,23-107,2001,5.3,16,8,9,5,2,9,13,69.2,4,6,1,5,7,23,20,1,Matches
292,Jamaal Lascelles,eng ENG,DF,Newcastle Utd,30-158,1993,12,14,9,7,7,0,6,11,54.5,5,17,12,5,5,19,42,0,Matches
293,Roméo Lavia,be BEL,MF,Chelsea,20-102,2004,0.4,1,0,0,1,0,0,0,,0,0,0,0,0,1,1,0,Matches
294,Mario Lemina,ga GAB,MF,Wolves,30-229,1993,28,76,52,38,29,9,19,40,47.5,21,27,6,21,38,114,58,0,Matches
295,Clément Lenglet,fr FRA,DF,Aston Villa,28-305,1995,11.8,13,9,7,5,1,7,12,58.3,5,18,10,8,6,19,47,1,Matches
296,Bernd Leno,de GER,GK,Fulham,32-044,1992,33,0,0,0,0,0,0,0,,0,0,0,0,0,0,13,1,Matches
297,Jefferson Lerma,co COL,"MF,DF",Crystal Palace,29-175,1994,26.5,41,24,14,23,4,18,39,46.2,21,31,12,19,36,77,72,0,Matches
298,Rico Lewis,eng ENG,"DF,MF",Manchester City,19-148,2004,8.8,10,7,4,4,2,3,7,42.9,4,7,1,6,4,14,6,0,Matches
299,Keane Lewis-Potter,eng ENG,"DF,FW",Brentford,23-055,2001,13.6,17,7,5,11,1,7,14,50,7,10,2,8,6,23,19,0,Matches
300,Victor Lindelöf,se SWE,DF,Manchester Utd,29-275,1994,14.8,15,10,8,7,0,5,13,38.5,8,18,9,9,12,27,40,1,Matches
Rk,Player,Nation,Pos,Squad,Age,Born,90s,Tkl,TklW,Def 3rd,Mid 3rd,Att 3rd,Tkl,Att,Tkl%,Lost,Blocks,Sh,Pass,Int,Tkl+Int,Clr,Err,Matches
301,Valentino Livramento,eng ENG,DF,Newcastle Utd,21-157,2002,11.6,18,10,13,4,1,8,17,47.1,9,12,5,7,19,37,31,0,Matches
302,Giovani Lo Celso,ar ARG,MF,Tottenham,28-008,1996,5.3,20,12,8,8,4,9,13,69.2,4,4,1,3,5,25,2,0,Matches
303,Tom Lockyer,wls WAL,DF,Luton Town,29-136,1994,13,25,16,17,6,2,15,22,68.2,7,23,13,10,23,48,68,0,Matches
304,Sean Longstaff,eng ENG,MF,Newcastle Utd,26-170,1997,25.1,44,25,13,24,7,20,54,37,34,32,6,26,14,58,21,0,Matches
305,Max Lowe,eng ENG,"DF,MF",Sheffield Utd,26-342,1997,4.4,20,10,12,5,3,8,15,53.3,7,7,3,4,5,25,13,0,Matches
306,Douglas Luiz,br BRA,MF,Aston Villa,25-344,1998,29.6,55,36,20,26,9,24,49,49,25,30,6,24,19,74,17,1,Matches
307,Saša Lukić,rs SRB,MF,Fulham,27-248,1996,10.4,28,16,7,15,6,14,33,42.4,19,15,4,11,13,41,16,1,Matches
308,Ian Maatsen,nl NED,"FW,MF",Chelsea,22-038,2002,2.3,3,2,1,1,1,0,4,0,4,4,0,4,3,6,10,0,Matches
309,Alexis Mac Allister,ar ARG,MF,Liverpool,25-115,1998,24.1,82,46,28,41,13,50,106,47.2,56,56,6,50,30,112,20,0,Matches
310,James Maddison,eng ENG,MF,Tottenham,27-146,1996,19.5,28,16,4,15,9,14,27,51.9,13,13,3,10,11,39,10,1,Matches
311,Noni Madueke,eng ENG,FW,Chelsea,22-038,2002,5.9,9,7,5,3,1,7,20,35,13,9,0,9,2,11,8,0,Matches
312,Gabriel Magalhães,br BRA,DF,Arsenal,26-120,1997,28.2,38,21,20,17,1,14,17,82.4,3,40,30,10,24,62,84,1,Matches
313,Harry Maguire,eng ENG,DF,Manchester Utd,31-043,1993,16.4,22,16,13,9,0,11,21,52.4,10,29,21,8,23,45,77,1,Matches
314,Kobbie Mainoo,eng ENG,MF,Manchester Utd,18-364,2005,15.9,35,20,15,13,7,15,31,48.4,16,17,11,6,18,53,28,1,Matches
315,Orel Mangala,be BEL,MF,Nott'ham Forest,26-030,1998,17.4,27,13,16,10,1,14,29,48.3,15,12,6,6,26,53,32,0,Matches
316,Benson Manuel,be BEL,"MF,FW",Burnley,27-020,1997,1.1,3,2,2,1,0,0,0,,0,1,0,1,0,3,0,0,Matches
317,Solly March,eng ENG,"FW,DF",Brighton,29-272,1994,6.2,19,14,9,7,3,8,14,57.1,6,5,0,5,11,30,8,0,Matches
318,Anthony Martial,fr FRA,FW,Manchester Utd,28-134,1995,5,4,1,1,1,2,1,1,100,0,4,0,4,0,4,3,0,Matches
319,Gabriel Martinelli,br BRA,FW,Arsenal,22-304,2001,20.3,24,20,6,9,9,11,22,50,11,19,1,18,5,29,6,1,Matches
320,Emiliano Martínez,ar ARG,GK,Aston Villa,31-228,1992,31,0,0,0,0,0,0,0,,0,0,0,0,0,0,11,2,Matches
321,Lisandro Martínez,ar ARG,DF,Manchester Utd,26-090,1998,6.4,11,7,8,3,0,5,12,41.7,7,9,7,2,4,15,23,0,Matches
322,Han-Noah Massengo,fr FRA,"MF,DF",Burnley,22-285,2001,0.2,1,1,1,0,0,0,0,,0,1,0,1,0,1,0,0,Matches
323,Pape Matar Sarr,sn SEN,MF,Tottenham,21-216,2002,18.4,29,21,10,14,5,13,31,41.9,18,18,4,14,22,51,24,0,Matches
324,Jean-Philippe Mateta,fr FRA,FW,Crystal Palace,26-294,1997,20.5,17,11,4,9,4,5,9,55.6,4,12,4,8,3,20,12,0,Matches
325,Joël Matip,cm CMR,DF,Liverpool,32-253,1991,8.7,12,6,7,4,1,8,12,66.7,4,16,12,4,9,21,43,0,Matches
Rk,Player,Nation,Pos,Squad,Age,Born,90s,Tkl,TklW,Def 3rd,Mid 3rd,Att 3rd,Tkl,Att,Tkl%,Lost,Blocks,Sh,Pass,Int,Tkl+Int,Clr,Err,Matches
326,Alex Matos,eng ENG,MF,Chelsea,19-197,2004,0,0,0,0,0,0,0,0,,0,0,0,0,0,0,0,0,Matches
327,Remi Matthews,eng ENG,GK,Crystal Palace,30-067,1994,0,0,0,0,0,0,0,0,,0,0,0,0,0,0,1,0,Matches
328,Neal Maupay,fr FRA,FW,Brentford,27-247,1996,14.4,10,7,4,5,1,3,13,23.1,10,10,0,10,2,12,3,0,Matches
329,Neal Maupay,fr FRA,FW,Everton,27-247,1996,1.2,0,0,0,0,0,0,1,0,1,2,0,2,0,0,1,0,Matches
330,Konstantinos Mavropanos,gr GRE,DF,West Ham,26-128,1997,15.7,26,14,15,9,2,15,19,78.9,4,20,12,8,23,49,77,3,Matches
331,Bryan Mbeumo,cm CMR,FW,Brentford,24-254,1999,16.8,14,10,6,5,3,4,14,28.6,10,16,0,16,6,20,12,0,Matches
332,James Mcatee,eng ENG,"MF,FW",Sheffield Utd,21-182,2002,18.7,30,20,8,13,9,13,32,40.6,19,20,0,20,9,39,14,0,Matches
333,James Mcatee,eng ENG,MF,Manchester City,21-182,2002,0,0,0,0,0,0,0,0,,0,1,0,1,0,0,0,0,Matches
334,Oliver McBurnie,sct SCO,FW,Sheffield Utd,27-318,1996,13.4,16,7,4,6,6,4,11,36.4,7,18,2,16,5,21,28,0,Matches
335,James McConnell,eng ENG,MF,Liverpool,19-217,2004,0,0,0,0,0,0,0,0,,0,1,0,1,1,1,0,0,Matches
336,John McGinn,sct SCO,"MF,FW",Aston Villa,29-182,1994,28.4,51,30,14,30,7,27,65,41.5,38,27,3,24,21,72,18,0,Matches
337,Scott McKenna,sct SCO,DF,Nott'ham Forest,27-157,1996,4.6,4,0,3,1,0,2,3,66.7,1,6,4,2,5,9,27,0,Matches
338,Dwight McNeil,eng ENG,"MF,FW",Everton,24-147,1999,26.4,36,21,14,10,12,20,49,40.8,29,42,7,35,18,54,29,0,Matches
339,Scott McTominay,sct SCO,"MF,FW",Manchester Utd,27-131,1996,17.5,43,21,20,21,2,19,30,63.3,11,32,12,20,12,55,45,0,Matches
340,Ben Mee,eng ENG,DF,Brentford,34-209,1989,14.1,26,15,12,12,2,17,22,77.3,5,21,13,8,13,39,63,1,Matches
341,Hannibal Mejbri,tn TUN,"MF,FW",Manchester Utd,21-087,2003,1.5,3,3,1,2,0,1,3,33.3,2,1,1,0,0,3,0,0,Matches
342,Teden Mengi,eng ENG,DF,Luton Town,21-353,2002,23.3,46,17,29,16,1,16,26,61.5,10,31,22,9,48,94,119,0,Matches
343,Chris Mepham,wls WAL,DF,Bournemouth,26-164,1997,6.9,12,11,9,3,0,9,14,64.3,5,13,6,7,7,19,30,1,Matches
344,Lewis Miley,eng ENG,MF,Newcastle Utd,17-352,2006,13.4,33,21,6,20,7,15,32,46.9,17,20,3,17,8,41,18,2,Matches
345,James Milner,eng ENG,"DF,MF",Brighton,38-104,1986,8.6,20,14,9,10,1,9,14,64.3,5,9,0,9,8,28,16,0,Matches
346,Tyrone Mings,eng ENG,DF,Aston Villa,31-035,1993,0.3,0,0,0,0,0,0,0,,0,0,0,0,1,1,1,0,Matches
347,Tyrick Mitchell,eng ENG,"DF,MF",Crystal Palace,24-229,1999,29.9,91,49,70,14,7,36,50,72,14,52,10,42,25,116,99,0,Matches
348,Kaoru Mitoma,jp JPN,FW,Brighton,26-333,1997,16.5,13,6,3,7,3,5,19,26.3,14,15,1,14,5,18,12,0,Matches
349,Aleksandar Mitrović,rs SRB,FW,Fulham,29-214,1994,0.4,0,0,0,0,0,0,0,,0,0,0,0,0,0,0,0,Matches
350,Jakub Moder,pl POL,MF,Brighton,25-010,1999,5,13,7,5,4,4,8,13,61.5,5,6,1,5,2,15,8,0,Matches
Rk,Player,Nation,Pos,Squad,Age,Born,90s,Tkl,TklW,Def 3rd,Mid 3rd,Att 3rd,Tkl,Att,Tkl%,Lost,Blocks,Sh,Pass,Int,Tkl+Int,Clr,Err,Matches
351,Kudus Mohammed,gh GHA,"FW,MF",West Ham,23-259,2000,22.7,56,42,24,22,10,19,35,54.3,16,22,0,22,9,65,8,1,Matches
352,Gonzalo Montiel,ar ARG,DF,Nott'ham Forest,27-107,1997,5.6,14,11,8,5,1,10,18,55.6,8,5,2,3,6,20,28,1,Matches
353,Kieffer Moore,wls WAL,"FW,MF",Bournemouth,31-253,1992,1.2,0,0,0,0,0,0,0,,0,0,0,0,0,0,0,0,Matches
354,Álex Moreno,es ESP,DF,Aston Villa,30-314,1993,11.4,18,12,18,0,0,12,19,63.2,7,11,2,9,13,31,37,0,Matches
355,Carlton Morris,eng ENG,"FW,MF",Luton Town,28-123,1995,26.8,9,6,3,3,3,4,9,44.4,5,19,4,15,1,10,41,0,Matches
356,Mason Mount,eng ENG,"MF,FW",Manchester Utd,25-098,1999,4.8,19,12,4,9,6,3,13,23.1,10,6,1,5,6,25,2,0,Matches
357,Divin Mubama,eng ENG,FW,West Ham,19-175,2004,0.9,0,0,0,0,0,0,0,,0,0,0,0,0,0,0,0,Matches
358,Mykhailo Mudryk,ua UKR,"FW,MF",Chelsea,23-103,2001,12.9,20,12,9,6,5,9,27,33.3,18,10,1,9,5,25,6,0,Matches
359,Rodrigo Muniz,br BRA,FW,Fulham,22-349,2001,14.3,4,2,1,3,0,1,6,16.7,5,7,3,4,4,8,17,0,Matches
360,Daniel Muñoz,co COL,"DF,MF",Crystal Palace,27-327,1996,10,28,21,21,4,3,12,28,42.9,16,21,7,14,16,44,35,0,Matches
361,Arijanet Muric,xk KVX,GK,Burnley,25-162,1998,5,1,1,1,0,0,1,1,100,0,0,0,0,0,1,5,2,Matches
362,Murillo,br BRA,DF,Nott'ham Forest,21-288,2002,26.2,40,25,29,10,1,15,28,53.6,13,36,20,16,29,69,156,0,Matches
363,Alex Murphy,ie IRL,"FW,DF",Newcastle Utd,19-297,2004,0,0,0,0,0,0,0,1,0,1,0,0,0,1,1,0,0,Matches
364,Jacob Murphy,eng ENG,"FW,DF",Newcastle Utd,29-053,1995,8.9,14,7,5,4,5,8,16,50,8,13,0,13,3,17,12,0,Matches
365,Vitaliy Mykolenko,ua UKR,DF,Everton,24-324,1999,25.9,67,36,45,20,2,40,65,61.5,25,36,11,25,35,102,82,0,Matches
366,Marvelous Nakamba,zw ZIM,MF,Luton Town,30-089,1994,12.6,40,24,24,14,2,24,42,57.1,18,23,6,17,11,51,11,1,Matches
367,Michael Ndiweni,eng ENG,FW,Newcastle Utd,20-137,2003,0,0,0,0,0,0,0,0,,0,0,0,0,0,0,0,0,Matches
368,Reiss Nelson,eng ENG,FW,Arsenal,24-129,1999,3,9,6,5,1,3,8,10,80,2,5,1,4,1,10,5,0,Matches
369,Zack Nelson,eng ENG,"MF,DF",Luton Town,19-206,2004,0.1,1,0,1,0,0,0,0,,0,0,0,0,0,1,0,0,Matches
370,Neto,br BRA,GK,Bournemouth,34-273,1989,30,0,0,0,0,0,0,0,,0,1,0,1,1,1,11,2,Matches
371,Pedro Neto,pt POR,"FW,MF",Wolves,24-039,2000,16.7,7,3,3,2,2,5,15,33.3,10,5,1,4,4,11,2,0,Matches
372,Moussa Niakhate,sn SEN,DF,Nott'ham Forest,28-040,1996,12.9,33,21,26,7,0,14,18,77.8,4,16,10,6,9,42,42,0,Matches
373,Eddie Nketiah,eng ENG,FW,Arsenal,24-323,1999,12,12,7,2,6,4,2,7,28.6,5,11,0,11,4,16,4,0,Matches
374,Christopher Nkunku,fr FRA,"FW,MF",Chelsea,26-155,1997,3.5,2,1,0,2,0,0,0,,0,3,0,3,2,4,3,0,Matches
375,Rhys Norrington-Davies,wls WAL,DF,Sheffield Utd,24-361,1999,1.2,1,1,1,0,0,0,1,0,1,2,0,2,1,2,2,0,Matches
Rk,Player,Nation,Pos,Squad,Age,Born,90s,Tkl,TklW,Def 3rd,Mid 3rd,Att 3rd,Tkl,Att,Tkl%,Lost,Blocks,Sh,Pass,Int,Tkl+Int,Clr,Err,Matches
376,Oliver Norwood,nir NIR,MF,Sheffield Utd,33-005,1991,15.7,41,26,18,18,5,20,47,42.6,27,24,9,15,21,62,39,0,Matches
377,Matheus Nunes,pt POR,MF,Wolves,25-234,1998,2,3,1,3,0,0,2,6,33.3,4,0,0,0,6,9,1,0,Matches
378,Matheus Nunes,pt POR,MF,Manchester City,25-234,1998,7,10,4,1,7,2,5,16,31.3,11,6,1,5,1,11,8,1,Matches
379,Darwin Núñez,uy URU,FW,Liverpool,24-298,1999,20.8,21,12,2,10,9,11,23,47.8,12,17,6,11,2,23,8,0,Matches
380,Ethan Nwaneri,eng ENG,FW,Arsenal,17-027,2007,0.2,0,0,0,0,0,0,0,,0,1,0,1,0,0,0,0,Matches
381,Christian Nørgaard,dk DEN,MF,Brentford,30-038,1994,24.2,73,46,39,27,7,29,80,36.3,51,40,2,38,46,119,50,0,Matches
382,Mark O'Mahony,ie IRL,FW,Brighton,19-094,2005,0,,0,,,,,,,,,,,0,,,,Matches
383,Dara O'Shea,ie IRL,DF,Burnley,25-044,1999,27.1,29,16,16,10,3,9,21,42.9,12,34,25,9,25,54,134,2,Matches
384,Michael Obafemi,ie IRL,"FW,MF",Burnley,23-286,2000,0.2,0,0,0,0,0,0,0,,0,1,0,1,0,0,0,0,Matches
385,Wilson Odobert,fr FRA,"MF,FW",Burnley,19-141,2004,18.4,14,11,5,5,4,6,22,27.3,16,25,2,23,4,18,9,0,Matches
386,Chiedozie Ogbene,ie IRL,"MF,DF",Luton Town,26-352,1997,21.1,17,10,10,7,0,12,22,54.5,10,14,3,11,5,22,33,2,Matches
387,Angelo Ogbonna,it ITA,DF,West Ham,35-330,1988,3.6,3,1,3,0,0,2,2,100,0,10,8,2,2,5,18,0,Matches
388,Michael Olakigbe,eng ENG,"DF,FW",Brentford,19-358,2004,0.7,3,0,2,1,0,2,4,50,2,7,0,7,1,4,0,1,Matches
389,Michael Olise,fr FRA,"FW,MF",Crystal Palace,22-127,2001,9.3,16,8,7,8,1,8,21,38.1,13,15,0,15,7,23,8,0,Matches
390,Robin Olsen,se SWE,GK,Aston Villa,34-100,1990,2,0,0,0,0,0,0,0,,0,0,0,0,0,0,0,0,Matches
391,Andrew Omobamidele,ie IRL,DF,Nott'ham Forest,21-299,2002,8.5,9,3,8,1,0,5,8,62.5,3,12,8,4,13,22,42,1,Matches
392,Amadou Onana,be BEL,MF,Everton,22-245,2001,20.5,59,33,27,25,7,16,36,44.4,20,20,4,16,15,74,25,0,Matches
393,André Onana,cm CMR,GK,Manchester Utd,28-015,1996,32,1,0,1,0,0,1,1,100,0,0,0,0,0,1,10,1,Matches
394,Ryan One,sct SCO,FW,Sheffield Utd,17-296,2006,0.1,0,0,0,0,0,0,0,,0,0,0,0,0,0,0,0,Matches
395,Tyler Onyango,eng ENG,MF,Everton,21-044,2003,0,0,0,0,0,0,0,0,,0,0,0,0,0,0,0,0,Matches
396,Fred Onyedinma,eng ENG,"DF,MF",Luton Town,27-145,1996,2.3,7,5,5,2,0,4,10,40,6,2,0,2,1,8,5,0,Matches
397,Frank Onyeka,ng NGA,MF,Brentford,26-107,1998,12.8,36,23,9,22,5,15,28,53.6,13,15,7,8,23,59,17,0,Matches
398,Divock Origi,be BEL,FW,Nott'ham Forest,28-365,1995,6.6,6,4,5,0,1,0,0,,0,6,0,6,2,8,4,0,Matches
399,Stefan Ortega,de GER,GK,Manchester City,31-163,1992,5.3,0,0,0,0,0,0,0,,0,0,0,0,0,0,1,1,Matches
400,Ben Osborn,eng ENG,"DF,MF",Sheffield Utd,29-256,1994,11.1,20,9,9,9,2,6,13,46.2,7,14,1,13,5,25,24,0,Matches
Rk,Player,Nation,Pos,Squad,Age,Born,90s,Tkl,TklW,Def 3rd,Mid 3rd,Att 3rd,Tkl,Att,Tkl%,Lost,Blocks,Sh,Pass,Int,Tkl+Int,Clr,Err,Matches
401,Gabriel Osho,ng NGA,DF,Luton Town,25-247,1998,15.5,31,17,15,15,1,12,20,60,8,34,18,16,29,60,71,0,Matches
402,William Osula,dk DEN,FW,Sheffield Utd,20-257,2003,8.4,2,2,1,0,1,1,2,50,1,3,1,2,2,4,9,0,Matches
403,Dango Ouattara,bf BFA,"FW,DF",Bournemouth,22-066,2002,9.5,32,18,18,7,7,14,25,56,11,14,3,11,12,44,26,0,Matches
404,David Ozoh,eng ENG,"MF,DF",Crystal Palace,18-322,2005,1.7,10,6,3,6,1,5,6,83.3,1,2,0,2,0,10,2,0,Matches
405,João Palhinha,pt POR,MF,Fulham,28-283,1995,25.5,130,66,68,50,12,89,134,66.4,45,46,8,38,42,172,45,0,Matches
406,Cole Palmer,eng ENG,MF,Manchester City,21-347,2002,0.1,0,0,0,0,0,0,0,,0,0,0,0,0,0,0,0,Matches
407,Cole Palmer,eng ENG,"FW,MF",Chelsea,21-347,2002,23,21,12,8,5,8,8,19,42.1,11,17,1,16,16,37,11,2,Matches
408,Emerson Palmieri,it ITA,DF,West Ham,29-258,1994,30.2,90,57,38,37,15,47,70,67.1,23,40,10,30,36,126,82,0,Matches
409,Lucas Paquetá,br BRA,"FW,MF",West Ham,26-234,1997,24.4,62,43,34,23,5,22,47,46.8,25,23,0,23,18,80,25,2,Matches
410,Ben Parkinson,eng ENG,FW,Newcastle Utd,19-038,2005,0.3,0,0,0,0,0,0,0,,0,1,0,1,0,0,1,0,Matches
411,Thomas Partey,gh GHA,"DF,MF",Arsenal,30-309,1993,4.1,7,5,6,1,0,4,6,66.7,2,3,1,2,5,12,3,0,Matches
412,Nathan Patterson,sct SCO,DF,Everton,22-184,2001,11.2,34,24,21,11,2,14,37,37.8,23,14,3,11,9,43,33,0,Matches
413,Myles Peart-Harris,eng ENG,"DF,MF",Brentford,21-212,2002,0.1,0,0,0,0,0,0,0,,0,0,0,0,0,0,1,0,Matches
414,Sydie Peck,eng ENG,MF,Sheffield Utd,19-217,2004,0.1,0,0,0,0,0,0,0,,0,0,0,0,0,0,0,0,Matches
415,Facundo Pellistri,uy URU,"FW,MF",Manchester Utd,22-119,2001,1.9,5,3,4,1,0,1,3,33.3,2,7,1,6,1,6,5,0,Matches
416,Andreas Pereira,br BRA,MF,Fulham,28-107,1996,25.5,20,10,3,9,8,8,33,24.2,25,15,2,13,4,24,12,0,Matches
417,Ivan Perišić,hr CRO,FW,Tottenham,35-075,1989,1.1,3,2,1,1,1,3,5,60,2,1,0,1,2,5,1,0,Matches
418,Đorđe Petrović,rs SRB,GK,Chelsea,24-192,1999,15.1,0,0,0,0,0,0,0,,0,0,0,0,0,0,7,1,Matches
419,Kalvin Phillips,eng ENG,MF,West Ham,28-137,1995,3.3,9,4,2,6,1,5,8,62.5,3,4,1,3,4,13,2,1,Matches
420,Kalvin Phillips,eng ENG,MF,Manchester City,28-137,1995,1,3,3,1,1,1,0,0,,0,0,0,0,2,5,2,0,Matches
421,Jaden Philogene Bidace,eng ENG,FW,Aston Villa,22-069,2002,0,0,0,0,0,0,0,0,,0,0,0,0,0,0,0,0,Matches
422,Jordan Pickford,eng ENG,GK,Everton,30-041,1994,32,0,0,0,0,0,0,0,,0,3,0,3,0,0,17,1,Matches
423,Ethan Pinnock,jm JAM,DF,Brentford,30-324,1993,23,32,21,21,11,0,8,17,47.1,9,34,21,13,37,69,144,2,Matches
424,Nick Pope,eng ENG,GK,Newcastle Utd,31-364,1992,13.9,0,0,0,0,0,0,1,0,1,0,0,0,0,0,7,2,Matches
425,Pedro Porro,es ESP,DF,Tottenham,24-217,1999,28.5,82,57,39,29,14,54,103,52.4,49,56,17,39,28,110,90,3,Matches
Rk,Player,Nation,Pos,Squad,Age,Born,90s,Tkl,TklW,Def 3rd,Mid 3rd,Att 3rd,Tkl,Att,Tkl%,Lost,Blocks,Sh,Pass,Int,Tkl+Int,Clr,Err,Matches
426,Jarell Quansah,eng ENG,DF,Liverpool,21-079,2003,7.9,11,9,9,1,1,6,9,66.7,3,7,2,5,9,20,22,1,Matches
427,Ionuț Radu,ro ROU,GK,Bournemouth,26-325,1997,2,0,0,0,0,0,0,0,,0,0,0,0,0,0,0,0,Matches
428,Jesurun Rak Sakyi,eng ENG,"MF,FW",Crystal Palace,21-195,2002,1.5,4,1,3,1,0,2,3,66.7,1,2,0,2,3,7,1,0,Matches
429,Aaron Ramsdale,eng ENG,GK,Arsenal,25-339,1998,6,0,0,0,0,0,0,0,,0,0,0,0,0,0,3,2,Matches
430,Aaron Ramsey,eng ENG,"MF,FW",Burnley,21-087,2003,5.9,17,14,7,5,5,8,16,50,8,11,2,9,1,18,10,0,Matches
431,Jacob Ramsey,eng ENG,"FW,MF",Aston Villa,22-325,2001,9.5,16,8,7,6,3,5,15,33.3,10,15,2,13,3,19,8,0,Matches
432,Marcus Rashford,eng ENG,FW,Manchester Utd,26-169,1997,25,18,11,8,4,6,8,25,32,17,15,1,14,4,22,19,0,Matches
433,David Raya,es ESP,GK,Arsenal,28-215,1995,26,1,1,1,0,0,1,1,100,0,0,0,0,0,1,6,4,Matches
434,Tim Ream,us USA,DF,Fulham,36-195,1987,15.7,18,9,11,5,2,7,15,46.7,8,22,15,7,25,43,56,2,Matches
435,Nathan Redmond,eng ENG,"FW,MF",Burnley,30-042,1994,1.6,2,1,0,0,2,1,4,25,3,1,0,1,0,2,3,0,Matches
436,Harrison Reed,eng ENG,MF,Fulham,29-081,1995,13,27,16,9,15,3,12,29,41.4,17,18,9,9,11,38,20,0,Matches
437,Sergio Reguilón,es ESP,DF,Manchester Utd,27-123,1996,4.6,13,8,6,2,5,8,17,47.1,9,10,0,10,5,18,7,0,Matches
438,Sergio Reguilón,es ESP,DF,Brentford,27-123,1996,7.8,28,12,17,10,1,16,26,61.5,10,16,4,12,9,37,20,0,Matches
439,Bobby Reid,jm JAM,FW,Fulham,31-075,1993,13.5,18,12,3,13,2,3,13,23.1,10,17,2,15,3,21,12,0,Matches
440,Gio Reyna,us USA,"MF,FW",Nott'ham Forest,21-156,2002,1.8,7,3,4,0,3,3,6,50,3,0,0,0,2,9,0,0,Matches
441,Rodrigo Ribeiro,pt POR,"FW,MF",Nott'ham Forest,18-355,2005,0,0,0,0,0,0,0,0,,0,1,0,1,1,1,0,0,Matches
442,Declan Rice,eng ENG,MF,Arsenal,25-094,1999,29.8,64,39,31,27,6,27,47,57.4,20,33,10,23,37,101,47,0,Matches
443,Chris Richards,us USA,"DF,MF",Crystal Palace,24-020,2000,17.3,36,22,18,15,3,16,22,72.7,6,26,9,17,22,58,87,0,Matches
444,Richarlison,br BRA,FW,Tottenham,26-343,1997,15.2,16,11,4,8,4,2,9,22.2,7,32,6,26,8,24,21,0,Matches
445,Jaïro Riedewald,nl NED,"MF,FW",Crystal Palace,27-221,1996,2.1,5,1,1,2,2,1,2,50,1,0,0,0,2,7,2,0,Matches
446,Matt Ritchie,sct SCO,"FW,MF",Newcastle Utd,34-220,1989,1.2,3,2,1,2,0,2,3,66.7,1,1,1,0,1,4,5,0,Matches
447,Connor Roberts,wls WAL,DF,Burnley,28-207,1995,9.1,12,5,6,4,2,8,17,47.1,9,8,6,2,4,16,25,2,Matches
448,Andrew Robertson,sct SCO,DF,Liverpool,30-037,1994,14.2,28,19,17,9,2,20,30,66.7,10,12,4,8,10,38,34,0,Matches
449,Antonee Robinson,us USA,DF,Fulham,26-253,1997,31.4,81,51,52,22,7,47,90,52.2,43,47,6,41,73,154,93,3,Matches
450,Jack Robinson,eng ENG,DF,Sheffield Utd,30-229,1993,28.8,38,25,27,11,0,24,35,68.6,11,46,31,15,30,68,130,2,Matches
Rk,Player,Nation,Pos,Squad,Age,Born,90s,Tkl,TklW,Def 3rd,Mid 3rd,Att 3rd,Tkl,Att,Tkl%,Lost,Blocks,Sh,Pass,Int,Tkl+Int,Clr,Err,Matches
451,Rodri,es ESP,MF,Manchester City,27-300,1996,26.7,57,34,20,27,10,27,51,52.9,24,27,7,20,20,77,37,4,Matches
452,Jay Rodriguez,eng ENG,FW,Burnley,34-263,1989,9,14,9,7,4,3,7,13,53.8,6,11,1,10,1,15,8,0,Matches
453,Mads Roerslev,dk DEN,DF,Brentford,24-298,1999,20.3,40,26,29,7,4,24,49,49,25,13,3,10,18,58,68,0,Matches
454,Morgan Rogers,eng ENG,"MF,FW",Aston Villa,21-266,2002,4.8,7,1,3,1,3,2,8,25,6,8,0,8,2,9,10,0,Matches
455,Cristian Romero,ar ARG,DF,Tottenham,25-356,1998,25,53,34,33,18,2,27,36,75,9,35,16,19,36,89,86,1,Matches
456,Joe Rothwell,eng ENG,MF,Bournemouth,29-097,1995,4.3,7,2,4,2,1,2,8,25,6,4,2,2,3,10,2,0,Matches
457,Pelly Ruddock Mpanzu,cd COD,MF,Luton Town,30-275,1993,11.9,12,4,5,6,1,5,9,55.6,4,15,7,8,9,21,15,2,Matches
458,José Sá,pt POR,GK,Wolves,31-091,1993,28.7,0,0,0,0,0,0,1,0,1,3,0,3,0,0,19,5,Matches
459,Bukayo Saka,eng ENG,FW,Arsenal,22-225,2001,27.7,57,29,20,19,18,24,54,44.4,30,39,2,37,10,67,20,1,Matches
460,Mohamed Salah,eg EGY,FW,Liverpool,31-307,1992,23.8,13,9,0,5,8,5,18,27.8,13,17,1,16,2,15,1,0,Matches
461,William Saliba,fr FRA,DF,Arsenal,23-024,2001,32,34,21,22,11,1,16,20,80,4,27,13,14,22,56,66,2,Matches
462,Albert Sambi Lokonga,be BEL,MF,Luton Town,24-178,1999,9.7,19,12,10,7,2,13,18,72.2,5,19,11,8,6,25,11,0,Matches
463,Davinson Sánchez,co COL,DF,Tottenham,27-310,1996,0.9,0,0,0,0,0,0,0,,0,3,2,1,1,1,2,0,Matches
464,Robert Sánchez,es ESP,GK,Chelsea,26-151,1997,15.9,0,0,0,0,0,0,0,,0,0,0,0,0,0,11,3,Matches
465,Jadon Sancho,eng ENG,"FW,MF",Manchester Utd,24-023,2000,0.9,1,0,1,0,0,1,3,33.3,2,1,0,1,1,2,0,0,Matches
466,Ibrahim Sangaré,ci CIV,MF,Nott'ham Forest,26-137,1997,11.1,40,21,23,13,4,11,27,40.7,16,23,6,17,14,54,20,0,Matches
467,Andrey Santos,br BRA,MF,Nott'ham Forest,19-350,2004,0.1,0,0,0,0,0,0,0,,0,1,0,1,0,0,0,0,Matches
468,Pablo Sarabia,es ESP,"MF,FW",Wolves,31-342,1992,17.8,17,11,7,6,4,11,30,36.7,19,16,1,15,9,26,8,0,Matches
469,Dane Scarlett,eng ENG,FW,Tottenham,20-024,2004,0,0,0,0,0,0,0,1,0,1,0,0,0,0,0,0,0,Matches
470,Kevin Schade,de GER,"FW,MF",Brentford,22-142,2001,2.9,3,1,1,2,0,0,3,0,3,0,0,0,1,4,3,0,Matches
471,Fabian Schär,ch SUI,DF,Newcastle Utd,32-119,1991,31.1,38,24,25,12,1,16,37,43.2,21,46,34,12,34,72,125,1,Matches
472,Jeffrey Schlupp,gh GHA,"FW,MF",Crystal Palace,31-116,1992,14.6,35,21,14,15,6,9,18,50,9,13,2,11,7,42,23,0,Matches
473,Alex Scott,eng ENG,MF,Bournemouth,20-240,2003,8.2,18,11,6,9,3,9,19,47.4,10,12,4,8,11,29,13,2,Matches
474,Matz Sels,be BEL,GK,Nott'ham Forest,32-051,1992,11,0,0,0,0,0,0,0,,0,0,0,0,0,0,9,0,Matches
475,Nélson Semedo,pt POR,"DF,MF",Wolves,30-153,1993,30,67,43,42,17,8,32,54,59.3,22,37,8,29,31,98,76,1,Matches
Rk,Player,Nation,Pos,Squad,Age,Born,90s,Tkl,TklW,Def 3rd,Mid 3rd,Att 3rd,Tkl,Att,Tkl%,Lost,Blocks,Sh,Pass,Int,Tkl+Int,Clr,Err,Matches
476,Antoine Semenyo,gh GHA,FW,Bournemouth,24-101,2000,18.1,19,13,7,7,5,8,22,36.4,14,31,1,30,5,24,15,0,Matches
477,Marcos Senesi,ar ARG,DF,Bournemouth,26-343,1997,19.5,42,22,22,18,2,17,42,40.5,25,36,17,19,26,68,87,1,Matches
478,Luke Shaw,eng ENG,DF,Manchester Utd,28-280,1995,10.7,11,8,7,3,1,9,15,60,6,18,11,7,6,17,39,0,Matches
479,Bernardo Silva,pt POR,"MF,FW",Manchester City,29-251,1994,22.9,43,21,11,23,9,22,48,45.8,26,21,3,18,12,55,11,1,Matches
480,Fábio Silva,pt POR,FW,Wolves,21-273,2002,2.9,7,4,3,4,0,2,3,66.7,1,1,0,1,2,9,0,0,Matches
481,Thiago Silva,br BRA,DF,Chelsea,39-208,1984,24,26,12,21,4,1,17,29,58.6,12,28,21,7,24,50,123,4,Matches
482,Luis Sinisterra,co COL,"FW,MF",Bournemouth,24-305,1999,7.8,23,12,9,10,4,9,16,56.3,7,18,0,18,8,31,4,0,Matches
483,Oliver Skipp,eng ENG,"MF,FW",Tottenham,23-214,2000,6.5,15,10,7,5,3,8,14,57.1,6,11,1,10,1,16,7,0,Matches
484,Adam Smith,eng ENG,DF,Bournemouth,32-354,1991,19.5,29,17,15,7,7,16,31,51.6,15,21,10,11,18,47,51,0,Matches
485,Emile Smith Rowe,eng ENG,MF,Arsenal,23-264,2000,3.7,4,1,2,2,0,2,4,50,2,3,1,2,3,7,1,0,Matches
486,Cédric Soares,pt POR,DF,Arsenal,32-230,1991,0.7,0,0,0,0,0,0,0,,0,0,0,0,0,0,0,0,Matches
487,Dominic Solanke,eng ENG,FW,Bournemouth,26-216,1997,31.6,23,11,3,13,7,10,24,41.7,14,21,4,17,6,29,38,0,Matches
488,Manor Solomon,il ISR,FW,Tottenham,24-268,1999,2.2,3,3,1,1,1,1,2,50,1,4,0,4,3,6,2,0,Matches
489,Tomáš Souček,cz CZE,MF,West Ham,29-050,1995,27.6,44,29,17,24,3,17,38,44.7,21,50,26,24,35,79,87,0,Matches
490,Vinicius Souza,br BRA,MF,Sheffield Utd,24-305,1999,26,112,69,54,45,13,36,66,54.5,30,49,15,34,29,141,68,1,Matches
491,Jason Steele,eng ENG,GK,Brighton,33-243,1990,15,0,0,0,0,0,0,3,0,3,0,0,0,0,0,7,1,Matches
492,Raheem Sterling,eng ENG,"FW,MF",Chelsea,29-131,1994,20.6,20,10,7,7,6,11,25,44,14,12,0,12,12,32,8,0,Matches
493,John Stones,eng ENG,"DF,MF",Manchester City,29-325,1994,11.6,2,1,1,0,1,0,3,0,3,11,7,4,10,12,21,0,Matches
494,Thomas Strakosha,al ALB,GK,Brentford,29-029,1995,1.5,0,0,0,0,0,0,0,,0,0,0,0,0,0,0,0,Matches
495,Dominik Szoboszlai,hu HUN,MF,Liverpool,23-175,2000,22.3,31,19,12,11,8,16,50,32,34,37,2,35,14,45,16,1,Matches
496,Matt Targett,eng ENG,DF,Newcastle Utd,28-212,1995,0.9,2,0,1,1,0,1,1,100,0,1,0,1,0,2,2,0,Matches
497,James Tarkowski,eng ENG,DF,Everton,31-150,1992,32,50,33,36,13,1,26,45,57.8,19,68,44,24,50,100,151,2,Matches
498,Nuno Tavares,pt POR,DF,Nott'ham Forest,24-082,2000,5.1,11,7,9,1,1,8,9,88.9,1,6,0,6,1,12,21,0,Matches
499,Marcus Tavernier,eng ENG,FW,Bournemouth,25-026,1999,22.6,50,32,24,21,5,23,45,51.1,22,30,3,27,5,55,23,0,Matches
500,Charlie Taylor,eng ENG,DF,Burnley,30-212,1993,23.1,32,18,17,13,2,15,33,45.5,18,24,9,15,18,50,72,0,Matches
Rk,Player,Nation,Pos,Squad,Age,Born,90s,Tkl,TklW,Def 3rd,Mid 3rd,Att 3rd,Tkl,Att,Tkl%,Lost,Blocks,Sh,Pass,Int,Tkl+Int,Clr,Err,Matches
501,Kenny Tete,nl NED,DF,Fulham,28-191,1995,8.6,22,15,15,5,2,9,17,52.9,8,10,3,7,16,38,33,0,Matches
502,Luke Thomas,eng ENG,DF,Sheffield Utd,22-312,2001,10.2,20,9,13,6,1,8,14,57.1,6,23,5,18,10,30,27,0,Matches
503,Youri Tielemans,be BEL,"MF,FW",Aston Villa,26-346,1997,16,36,19,16,15,5,14,36,38.9,22,20,2,18,13,49,7,0,Matches
504,Jurriën Timber,nl NED,DF,Arsenal,22-305,2001,0.5,1,1,0,1,0,0,0,,0,0,0,0,0,1,1,0,Matches
505,Harry Toffolo,eng ENG,DF,Nott'ham Forest,28-242,1995,14.9,25,13,20,5,0,14,23,60.9,9,32,12,20,13,38,44,0,Matches
506,Takehiro Tomiyasu,jp JPN,DF,Arsenal,25-164,1998,8,12,6,10,2,0,7,11,63.6,4,5,2,3,10,22,24,0,Matches
507,James Tomkins,eng ENG,DF,Crystal Palace,35-019,1989,0.1,0,0,0,0,0,0,0,,0,0,0,0,1,1,0,0,Matches
508,Sandro Tonali,it ITA,MF,Newcastle Utd,23-345,2000,4.9,7,7,4,2,1,3,9,33.3,6,3,0,3,2,9,4,0,Matches
509,Ivan Toney,eng ENG,FW,Brentford,28-032,1996,12.1,12,5,1,6,5,5,12,41.7,7,4,1,3,8,20,14,0,Matches
510,Pau Torres,es ESP,DF,Aston Villa,27-092,1997,23.4,25,14,15,9,1,12,25,48,13,23,9,14,12,37,61,0,Matches
511,Andros Townsend,eng ENG,"MF,FW",Luton Town,32-276,1991,12.9,20,13,10,2,8,13,26,50,13,12,0,12,5,25,10,0,Matches
512,James Trafford,eng ENG,GK,Burnley,21-190,2002,28,2,1,2,0,0,2,2,100,0,0,0,0,1,3,18,1,Matches
513,Adama Traoré,es ESP,"FW,MF",Fulham,28-083,1996,2.5,4,3,1,2,1,3,6,50,3,1,0,1,1,5,1,0,Matches
514,Bertrand Traoré,bf BFA,"DF,FW",Aston Villa,28-224,1995,0.1,1,1,1,0,0,0,0,,0,0,0,0,0,1,1,0,Matches
515,Boubacar Traoré,ml MLI,"MF,FW",Wolves,22-241,2001,5,15,11,8,6,1,4,11,36.4,7,9,2,7,4,19,5,0,Matches
516,Mike Trésor,be BEL,"FW,MF",Burnley,24-325,1999,4.6,10,6,9,1,0,8,17,47.1,9,5,0,5,1,11,1,0,Matches
517,Kieran Trippier,eng ENG,DF,Newcastle Utd,33-211,1990,24,57,27,30,16,11,37,76,48.7,39,38,8,30,23,80,55,3,Matches
518,Leandro Trossard,be BEL,"FW,MF",Arsenal,29-135,1994,13.6,18,11,7,6,5,5,13,38.5,8,21,1,20,6,24,6,0,Matches
519,Auston Trusty,us USA,DF,Sheffield Utd,25-249,1998,22.6,39,25,25,11,3,16,35,45.7,19,31,17,14,24,63,128,3,Matches
520,Kostas Tsimikas,gr GRE,DF,Liverpool,27-341,1996,7.5,19,13,9,6,4,9,15,60,6,9,1,8,6,25,10,0,Matches
521,Matt Turner,us USA,GK,Nott'ham Forest,29-298,1994,17,0,0,0,0,0,0,0,,0,0,0,0,0,0,8,4,Matches
522,Destiny Udogie,it ITA,DF,Tottenham,21-141,2002,26.6,68,33,41,16,11,27,49,55.1,22,27,8,19,37,105,80,5,Matches
523,Lesley Ugochukwu,fr FRA,MF,Chelsea,20-022,2004,3,12,9,3,8,1,3,8,37.5,5,5,2,3,1,13,3,0,Matches
524,Enes Ünal,tr TUR,"FW,MF",Bournemouth,26-343,1997,1.6,2,2,1,1,0,1,3,33.3,2,1,0,1,1,3,3,0,Matches
525,Virgil van Dijk,nl NED,DF,Liverpool,32-284,1991,29.3,36,20,21,12,3,11,13,84.6,2,41,29,12,36,72,120,0,Matches
Rk,Player,Nation,Pos,Squad,Age,Born,90s,Tkl,TklW,Def 3rd,Mid 3rd,Att 3rd,Tkl,Att,Tkl%,Lost,Blocks,Sh,Pass,Int,Tkl+Int,Clr,Err,Matches
526,Raphaël Varane,fr FRA,DF,Manchester Utd,30-358,1993,15,18,11,10,7,1,10,14,71.4,4,22,17,5,15,33,88,0,Matches
527,Alejo Véliz,ar ARG,FW,Tottenham,20-211,2003,0.6,1,0,1,0,0,0,0,,0,0,0,0,0,1,0,0,Matches
528,Joël Veltman,nl NED,DF,Brighton,32-093,1992,15.5,45,36,24,17,4,32,49,65.3,17,17,7,10,16,61,50,1,Matches
529,Micky van de Ven,nl NED,DF,Tottenham,22-364,2001,20,40,28,29,8,3,20,28,71.4,8,15,10,5,16,56,63,0,Matches
530,Bart Verbruggen,nl NED,GK,Brighton,21-243,2002,17,1,1,1,0,0,1,1,100,0,0,0,0,0,1,6,3,Matches
531,Guglielmo Vicario,it ITA,GK,Tottenham,27-193,1996,32,0,0,0,0,0,0,1,0,1,0,0,0,1,1,29,2,Matches
532,Fabio Vieira,pt POR,"MF,FW",Arsenal,23-323,2000,3.2,3,2,2,0,1,3,3,100,0,0,0,0,2,5,1,0,Matches
533,Carlos Vinícius,br BRA,FW,Fulham,29-023,1995,3.5,3,2,0,1,2,0,4,0,4,4,0,4,0,3,1,0,Matches
534,Vitinho,br BRA,"DF,MF",Burnley,24-269,1999,21.7,57,30,31,20,6,38,77,49.4,39,33,4,29,11,68,37,4,Matches
535,Odisseas Vlachodimos,gr GRE,GK,Nott'ham Forest,29-357,1994,5,0,0,0,0,0,0,1,0,1,0,0,0,0,0,1,0,Matches
536,Kyle Walker,eng ENG,DF,Manchester City,33-325,1990,25.1,28,18,15,11,2,15,32,46.9,17,16,4,12,22,50,36,1,Matches
537,Aaron Wan-Bissaka,eng ENG,DF,Manchester Utd,26-143,1997,13.8,33,21,16,13,4,16,22,72.7,6,21,12,9,31,64,53,1,Matches
538,Joel Ward,eng ENG,DF,Crystal Palace,34-171,1989,22,45,28,26,18,1,30,47,63.8,17,17,10,7,14,59,93,1,Matches
539,James Ward-Prowse,eng ENG,MF,West Ham,29-168,1994,29.7,41,27,13,20,8,16,36,44.4,20,27,8,19,32,73,45,0,Matches
540,Deivid Washington,br BRA,"DF,FW",Chelsea,18-317,2005,0.1,1,1,1,0,0,0,1,0,1,0,0,0,0,1,0,0,Matches
541,Ollie Watkins,eng ENG,FW,Aston Villa,28-109,1995,31,11,6,0,4,7,5,11,45.5,6,24,4,20,4,15,20,0,Matches
542,Adam Webster,eng ENG,DF,Brighton,29-104,1995,8.5,11,11,8,2,1,6,15,40,9,7,4,3,9,20,30,1,Matches
543,Danny Welbeck,eng ENG,"FW,MF",Brighton,33-143,1990,14.3,21,8,6,10,5,7,13,53.8,6,11,0,11,9,30,17,1,Matches
544,Timo Werner,de GER,FW,Tottenham,28-042,1996,8.7,6,4,3,3,0,5,18,27.8,13,11,0,11,3,9,2,0,Matches
545,Adam Wharton,eng ENG,MF,Crystal Palace,19-320,2004,8.9,26,19,6,16,4,12,26,46.2,14,10,2,8,12,38,16,1,Matches
546,Ben White,eng ENG,DF,Arsenal,26-192,1997,27.4,39,23,15,19,5,19,38,50,19,37,18,19,27,66,64,1,Matches
547,Joe White,eng ENG,MF,Newcastle Utd,21-199,2002,0.1,1,1,1,0,0,0,0,,0,0,0,0,0,1,0,0,Matches
548,Neco Williams,wls WAL,DF,Nott'ham Forest,23-004,2001,16.8,65,37,40,18,7,35,56,62.5,21,40,11,29,21,86,49,0,Matches
549,Willian,br BRA,FW,Fulham,35-252,1988,21.4,15,9,5,5,5,3,19,15.8,16,13,0,13,9,24,12,0,Matches
550,Joe Willock,eng ENG,MF,Newcastle Utd,24-241,1999,4.7,13,7,7,6,0,4,11,36.4,7,7,0,7,1,14,1,0,Matches
Rk,Player,Nation,Pos,Squad,Age,Born,90s,Tkl,TklW,Def 3rd,Mid 3rd,Att 3rd,Tkl,Att,Tkl%,Lost,Blocks,Sh,Pass,Int,Tkl+Int,Clr,Err,Matches
551,Callum Wilson,eng ENG,FW,Newcastle Utd,32-050,1992,9.6,4,3,0,2,2,0,4,0,4,5,0,5,1,5,2,0,Matches
552,Harry Wilson,wls WAL,FW,Fulham,27-026,1997,16.5,21,14,9,8,4,11,27,40.7,16,26,3,23,10,31,11,0,Matches
553,Yoane Wissa,cd COD,FW,Brentford,27-227,1996,24.5,23,13,9,9,5,3,17,17.6,14,21,3,18,8,31,12,0,Matches
554,Chris Wood,nz NZL,FW,Nott'ham Forest,32-132,1991,15.3,5,3,1,2,2,1,6,16.7,5,10,2,8,1,6,23,0,Matches
555,Cauley Woodrow,eng ENG,"FW,MF",Luton Town,29-137,1994,4,13,9,7,3,3,7,14,50,7,5,1,4,0,13,12,0,Matches
556,Joe Worrall,eng ENG,DF,Nott'ham Forest,27-098,1997,4.9,7,5,6,1,0,3,6,50,3,5,4,1,3,10,32,1,Matches
557,Yehor Yarmoliuk,ua UKR,MF,Brentford,20-047,2004,7,14,10,5,6,3,7,13,53.8,6,15,3,12,6,20,5,0,Matches
558,Ryan Yates,eng ENG,MF,Nott'ham Forest,26-148,1997,19.4,55,34,32,17,6,15,29,51.7,14,41,15,26,20,75,39,1,Matches
559,Ashley Young,eng ENG,"DF,MF",Everton,38-283,1985,20.1,35,23,17,12,6,20,42,47.6,22,18,5,13,19,54,38,2,Matches
560,Illia Zabarnyi,ua UKR,DF,Bournemouth,21-229,2002,32,51,29,24,26,1,21,43,48.8,22,41,25,16,30,81,125,4,Matches
561,Nicolò Zaniolo,it ITA,"FW,MF",Aston Villa,24-290,1999,9.2,19,9,10,7,2,9,17,52.9,8,13,0,13,1,20,11,0,Matches
562,Anass Zaroury,ma MAR,"FW,MF",Burnley,23-162,2000,1.7,1,0,1,0,0,0,4,0,4,2,0,2,0,1,1,1,Matches
563,Oleksandr Zinchenko,ua UKR,DF,Arsenal,27-124,1996,18.6,50,30,19,24,7,35,52,67.3,17,18,3,15,19,69,26,2,Matches
564,Kurt Zouma,fr FRA,DF,West Ham,29-173,1994,26.5,17,13,10,7,0,5,9,55.6,4,32,22,10,22,39,134,0,Matches
565,Martin Ødegaard,no NOR,MF,Arsenal,25-122,1998,28.4,40,15,12,20,8,13,48,27.1,35,22,1,21,12,52,5,0,Matches
