Total,,,,,Short,,,Medium,,,Long,,,,,Expected,,,,,,,,,,,,,,,
Rk,Player,Nation,Pos,Squad,Age,Born,90s,Cmp,Att,Cmp%,TotDist,PrgDist,Cmp,Att,Cmp%,Cmp,Att,Cmp%,Cmp,Att,Cmp%,Ast,xAG,xA,A-xAG,KP,3-Jan,PPA,CrsPA,PrgP,Matches
1,Max Aarons,eng ENG,DF,Bournemouth,24-104,2000,12.3,394,516,76.4,6518,2525,193,220,87.7,163,209,78,32,57,56.1,1,0.8,0.9,0.2,7,22,13,2,41,Matches
2,Bénie Adama Traore,ci CIV,"FW,MF",Sheffield Utd,21-139,2002,4.3,55,71,77.5,775,185,34,38,89.5,19,23,82.6,1,1,100,0,0.5,0.5,-0.5,4,2,7,1,9,Matches
3,Tyler Adams,us USA,MF,Bournemouth,25-063,1999,1.2,50,62,80.6,841,242,30,34,88.2,14,20,70,6,8,75,0,0.1,0,-0.1,1,8,0,0,4,Matches
4,Tosin Adarabioyo,eng ENG,DF,Fulham,26-206,1997,17,983,1156,85,20174,7607,260,289,90,601,667,90.1,113,168,67.3,0,0.1,0.3,-0.1,1,46,2,0,60,Matches
5,Elijah Adebayo,eng ENG,FW,Luton Town,26-101,1998,12.9,128,177,72.3,1627,336,84,105,80,35,52,67.3,3,6,50,0,0.7,0.4,-0.7,14,7,3,0,19,Matches
6,Simon Adingra,ci CIV,FW,Brighton,22-107,2002,19.6,518,688,75.3,7266,1331,333,402,82.8,154,201,76.6,17,31,54.8,1,2.5,2.1,-1.5,25,12,27,10,41,Matches
7,Nayef Aguerd,ma MAR,DF,West Ham,28-018,1996,20.6,943,1177,80.1,19870,8804,335,360,93.1,452,493,91.7,143,297,48.1,0,0.3,0.4,-0.3,4,74,2,0,68,Matches
8,Brandon Aguilera,cr CRC,FW,Nott'ham Forest,20-294,2003,0.1,4,8,50,48,23,3,6,50,1,2,50,0,0,,0,0,0,0,0,1,0,0,0,Matches
9,Naouirou Ahamada,fr FRA,"MF,FW",Crystal Palace,22-019,2002,2.7,89,113,78.8,1325,355,48,57,84.2,33,39,84.6,3,5,60,0,0,0.1,0,1,4,0,0,13,Matches
10,Anel Ahmedhodžić,ba BIH,DF,Sheffield Utd,25-022,1999,24.4,603,804,75,10002,4002,288,332,86.7,264,328,80.5,40,104,38.5,0,0.5,0.4,-0.5,3,32,1,0,35,Matches
11,Ola Aina,ng NGA,DF,Nott'ham Forest,27-192,1996,14.8,435,586,74.2,6903,2893,232,261,88.9,169,222,76.1,26,68,38.2,1,0.8,0.6,0.2,9,36,5,1,48,Matches
12,Rayan Aït-Nouri,dz ALG,"DF,MF",Wolves,22-316,2001,21.2,823,971,84.8,11377,3375,515,565,91.2,238,277,85.9,32,57,56.1,1,1.9,1.5,-0.9,21,54,12,3,90,Matches
13,Kristoffer Ajer,no NOR,DF,Brentford,26-000,1998,17.4,505,681,74.2,8662,3109,230,271,84.9,224,283,79.2,43,95,45.3,1,2.3,2.6,-1.3,12,46,9,3,50,Matches
14,Manuel Akanji,ch SUI,"DF,MF",Manchester City,28-273,1995,22.1,1743,1871,93.2,28451,7397,872,907,96.1,746,790,94.4,95,125,76,0,0.3,1.4,-0.3,10,174,14,2,124,Matches
15,Nathan Aké,nl NED,DF,Manchester City,29-059,1995,19.5,1477,1609,91.8,22622,7392,754,792,95.2,650,689,94.3,38,73,52.1,2,1.2,1.1,0.8,10,134,5,1,103,Matches
16,Thiago Alcántara,es ESP,MF,Liverpool,33-006,1991,0.1,7,10,70,130,30,3,3,100,3,4,75,1,2,50,0,0,0,0,0,0,0,0,0,Matches
17,Trent Alexander-Arnold,eng ENG,DF,Liverpool,25-193,1998,18.5,1180,1586,74.4,23272,9493,509,553,92,457,585,78.1,195,399,48.9,4,5.5,4.7,-1.5,54,151,43,13,156,Matches
18,Alisson,br BRA,GK,Liverpool,31-198,1992,22,803,939,85.5,17581,10780,196,197,99.5,480,490,98,124,243,51,0,0,0,0,1,7,0,0,3,Matches
19,Miguel Almirón,py PAR,FW,Newcastle Utd,30-067,1994,20.5,632,765,82.6,8581,1766,388,433,89.6,197,239,82.4,20,37,54.1,1,2.6,2.3,-1.6,23,37,20,3,75,Matches
20,Edson Álvarez,mx MEX,MF,West Ham,26-176,1997,23.9,943,1101,85.6,15435,4578,475,522,91,366,406,90.1,76,118,64.4,1,0.5,0.7,0.5,10,74,4,0,79,Matches
21,Julián Álvarez,ar ARG,"MF,FW",Manchester City,24-077,2000,27.2,938,1176,79.8,13015,2831,567,627,90.4,253,307,82.4,55,141,39,8,6.4,6.2,1.6,65,39,38,4,97,Matches
22,Zeki Amdouni,ch SUI,FW,Burnley,23-135,2000,20.3,366,465,78.7,5838,1127,196,242,81,132,152,86.8,24,34,70.6,1,1.4,1.2,-0.4,15,27,9,0,46,Matches
23,Sofyan Amrabat,ma MAR,"MF,DF",Manchester Utd,27-240,1996,7.2,401,466,86.1,7555,1988,148,172,86,196,220,89.1,47,55,85.5,0,0.2,0.2,-0.2,4,45,4,0,52,Matches
24,Joachim Andersen,dk DEN,DF,Crystal Palace,27-322,1996,32,1414,1801,78.5,31358,11922,384,443,86.7,786,864,91,235,448,52.5,2,2.3,1.9,-0.3,15,152,16,8,130,Matches
25,Elliot Anderson,sct SCO,"MF,FW",Newcastle Utd,21-163,2002,7.5,228,288,79.2,3163,821,146,169,86.4,69,81,85.2,6,19,31.6,1,1,0.6,0,10,24,10,0,41,Matches
Rk,Player,Nation,Pos,Squad,Age,Born,90s,Cmp,Att,Cmp%,TotDist,PrgDist,Cmp,Att,Cmp%,Cmp,Att,Cmp%,Cmp,Att,Cmp%,Ast,xAG,xA,A-xAG,KP,3-Jan,PPA,CrsPA,PrgP,Matches
26,Jaidon Anthony,eng ENG,FW,Bournemouth,24-138,1999,1.7,30,45,66.7,453,139,17,20,85,10,14,71.4,1,6,16.7,0,0,0,0,0,3,1,0,8,Matches
27,Michail Antonio,jm JAM,FW,West Ham,34-020,1990,14.5,148,254,58.3,2145,535,94,128,73.4,37,71,52.1,10,19,52.6,2,0.9,1.3,1.1,8,12,7,2,19,Matches
28,Antony,br BRA,FW,Manchester Utd,24-053,2000,12.2,373,481,77.5,5006,1293,231,274,84.3,106,124,85.5,14,28,50,1,2.4,1.7,-1.4,18,23,24,3,55,Matches
29,Oliver Arblaster,eng ENG,MF,Sheffield Utd,19-348,2004,5.1,134,173,77.5,2221,721,72,83,86.7,49,58,84.5,12,25,48,0,0.3,0.2,-0.3,7,16,1,0,16,Matches
30,Cameron Archer,eng ENG,"FW,MF",Sheffield Utd,22-271,2001,16.3,226,279,81,2709,401,150,176,85.2,50,54,92.6,4,8,50,1,2.3,0.9,-1.3,18,8,6,1,12,Matches
31,Cameron Archer,eng ENG,MF,Aston Villa,22-271,2001,0.1,5,6,83.3,42,0,5,6,83.3,0,0,,0,0,,0,0,0,0,0,0,0,0,0,Matches
32,Alphonse Areola,fr FRA,GK,West Ham,31-050,1993,26,488,752,64.9,15430,11257,62,64,96.9,217,218,99.5,207,464,44.6,0,0,0,0,0,7,0,0,1,Matches
33,Lorenz Assignon,tg TOG,DF,Burnley,23-300,2000,9.2,216,309,69.9,3221,1301,117,146,80.1,87,117,74.4,6,23,26.1,1,2.2,1.2,-1.2,10,13,6,4,19,Matches
34,Serge Aurier,ci CIV,"DF,MF",Nott'ham Forest,31-115,1992,9.3,348,448,77.7,5238,2147,191,225,84.9,130,156,83.3,17,45,37.8,2,0.5,0.5,1.5,4,31,9,4,47,Matches
35,Taiwo Awoniyi,ng NGA,FW,Nott'ham Forest,26-249,1997,11.4,122,170,71.8,1557,307,84,107,78.5,34,47,72.3,3,5,60,3,1.7,0.9,1.3,10,6,3,0,14,Matches
36,Jordan Ayew,gh GHA,"FW,MF",Crystal Palace,32-219,1991,26.3,600,813,73.8,8621,1776,370,426,86.9,184,247,74.5,23,68,33.8,6,4,2.6,2,23,38,25,10,62,Matches
37,Benoît Badiashile,fr FRA,DF,Chelsea,23-022,2001,8.2,596,655,91,10513,4178,248,260,95.4,303,326,92.9,39,55,70.9,1,0.5,0.7,0.5,3,36,2,0,30,Matches
38,Leon Bailey,jm JAM,"MF,FW",Aston Villa,26-252,1997,19.2,494,684,72.2,7746,2057,281,341,82.4,157,207,75.8,43,70,61.4,8,7.3,6,0.7,43,28,37,7,63,Matches
39,George Baldock,gr GRE,DF,Sheffield Utd,31-039,1993,10.8,291,397,73.3,4602,1810,169,191,88.5,100,124,80.6,18,52,34.6,1,0.8,0.6,0.2,7,18,11,4,31,Matches
40,Carlos Baleba,cm CMR,MF,Brighton,20-105,2004,12.5,634,687,92.3,9429,2018,350,373,93.8,245,256,95.7,21,26,80.8,0,0.2,0.2,-0.2,7,35,2,0,45,Matches
41,Fodé Ballo-Touré,sn SEN,"DF,MF",Fulham,27-105,1997,0.6,50,70,71.4,881,200,21,27,77.8,23,30,76.7,5,6,83.3,0,0,0,0,0,3,0,0,0,Matches
42,Shandon Baptiste,gd GRN,MF,Brentford,26-009,1998,2.5,66,90,73.3,1144,351,33,39,84.6,25,28,89.3,7,15,46.7,1,0.2,0.4,0.8,4,7,3,2,5,Matches
43,Valentín Barco,ar ARG,DF,Brighton,19-269,2004,0,2,4,50,23,20,2,2,100,0,1,0,0,0,,0,0,0,0,0,0,0,0,0,Matches
44,Ross Barkley,eng ENG,MF,Luton Town,30-134,1993,25.8,1058,1289,82.1,18776,5743,478,534,89.5,406,454,89.4,130,205,63.4,4,3.7,2.5,0.3,42,121,24,1,142,Matches
45,Harvey Barnes,eng ENG,FW,Newcastle Utd,26-130,1997,6.5,148,196,75.5,2102,578,94,108,87,48,61,78.7,4,12,33.3,2,2.5,1.7,-0.5,10,9,14,1,26,Matches
46,Chris Basham,eng ENG,"DF,MF",Sheffield Utd,35-272,1988,3.6,103,138,74.6,1506,484,62,70,88.6,31,45,68.9,6,14,42.9,0,0.3,0.1,-0.3,2,7,2,0,7,Matches
47,Calvin Bassey,ng NGA,DF,Fulham,24-108,1999,20.6,1191,1379,86.4,22629,7766,402,426,94.4,651,706,92.2,118,204,57.8,0,0,0.2,0,1,74,1,0,55,Matches
48,Owen Beck,wls WAL,DF,Liverpool,21-252,2002,0.1,3,4,75,31,1,2,3,66.7,1,1,100,0,0,,0,0,0,0,0,0,0,0,0,Matches
49,Donny van de Beek,nl NED,DF,Manchester Utd,26-365,1997,0,1,1,100,7,0,1,1,100,0,0,,0,0,,0,0.1,0,-0.1,1,0,0,0,0,Matches
50,Amari'i Bell,jm JAM,DF,Luton Town,29-348,1994,19.1,645,835,77.2,10680,4470,324,372,87.1,270,315,85.7,44,108,40.7,0,0.5,0.4,-0.5,8,63,8,0,76,Matches
Rk,Player,Nation,Pos,Squad,Age,Born,90s,Cmp,Att,Cmp%,TotDist,PrgDist,Cmp,Att,Cmp%,Cmp,Att,Cmp%,Cmp,Att,Cmp%,Ast,xAG,xA,A-xAG,KP,3-Jan,PPA,CrsPA,PrgP,Matches
51,Jean-Ricner Bellegarde,fr FRA,"MF,FW",Wolves,25-295,1998,9,217,278,78.1,3112,749,128,141,90.8,69,89,77.5,13,24,54.2,1,0.8,0.8,0.2,11,17,6,0,37,Matches
52,Anis Ben Slimane,tn TUN,MF,Sheffield Utd,23-032,2001,4.1,75,119,63,1082,323,40,61,65.6,27,35,77.1,4,5,80,0,0.3,0.1,-0.3,3,5,2,0,9,Matches
53,Saïd Benrahma,dz ALG,"FW,MF",West Ham,28-251,1995,6.9,193,257,75.1,2587,504,116,138,84.1,56,76,73.7,8,15,53.3,1,1.4,0.8,-0.4,11,11,11,2,28,Matches
54,Rodrigo Bentancur,uy URU,MF,Tottenham,26-297,1997,8.1,480,576,83.3,7208,1970,269,302,89.1,178,204,87.3,22,31,71,1,0.5,0.9,0.5,8,51,10,1,53,Matches
55,Daniel Bentley,eng ENG,GK,Wolves,30-279,1993,3.3,67,98,68.4,1552,1081,22,22,100,26,26,100,18,49,36.7,0,0,0,0,0,0,0,0,0,Matches
56,Jóhann Berg Guðmundsson,is ISL,MF,Burnley,33-173,1990,12,337,470,71.7,6388,1996,136,154,88.3,137,175,78.3,52,110,47.3,2,2.3,2.1,-0.3,31,33,16,5,52,Matches
57,Sander Berge,no NOR,MF,Burnley,26-063,1998,28.4,1071,1237,86.6,18664,3788,455,517,88,498,546,91.2,94,118,79.7,1,1.4,1,-0.4,20,90,12,1,126,Matches
58,Luke Berry,eng ENG,"MF,DF",Luton Town,31-280,1992,2.7,44,72,61.1,669,244,26,32,81.3,12,23,52.2,4,10,40,1,0.3,0.1,0.7,2,3,0,0,4,Matches
59,Beto,gw GNB,FW,Everton,26-077,1998,10.2,98,169,58,1320,298,59,91,64.8,31,50,62,5,6,83.3,0,0.9,0.3,-0.9,11,7,6,0,14,Matches
60,Jordan Beyer,de GER,DF,Burnley,23-334,2000,13.7,766,861,89,14232,3759,270,298,90.6,421,446,94.4,64,92,69.6,1,0.3,0.2,0.7,3,28,1,0,25,Matches
61,Philip Billing,dk DEN,MF,Bournemouth,27-311,1996,14.9,387,512,75.6,5728,1737,225,270,83.3,112,143,78.3,30,51,58.8,2,3.1,2.1,-1.1,22,37,15,4,50,Matches
62,Yves Bissouma,ml MLI,MF,Tottenham,27-231,1996,20.2,1500,1630,92,22059,6156,848,897,94.5,539,579,93.1,53,66,80.3,0,0.4,1.6,-0.4,9,136,10,0,140,Matches
63,Benicio Boaitey,eng ENG,"DF,FW",Brighton,20-099,2004,0.2,9,14,64.3,124,19,6,9,66.7,3,4,75,0,0,,0,0,0,0,0,0,0,0,1,Matches
64,Oscar Bobb,no NOR,"FW,MF",Manchester City,20-280,2003,3.2,145,166,87.3,1922,411,96,101,95,41,48,85.4,3,3,100,1,1.2,1.3,-0.2,8,2,17,1,22,Matches
65,Jayden Bogle,eng ENG,DF,Sheffield Utd,23-265,2000,25.1,514,752,68.4,7781,2868,310,365,84.9,158,230,68.7,35,98,35.7,0,0.8,0.8,-0.8,8,29,16,5,39,Matches
66,Willy Boly,ci CIV,DF,Nott'ham Forest,33-074,1991,12.1,412,549,75,7486,3284,172,192,89.6,193,247,78.1,37,88,42,0,1,0.7,-1,5,26,7,0,22,Matches
67,Sven Botman,nl NED,DF,Newcastle Utd,24-096,2000,15.3,921,1017,90.6,17027,6760,357,382,93.5,459,489,93.9,98,132,74.2,2,1,0.6,1,5,38,1,0,35,Matches
68,Jarrod Bowen,eng ENG,FW,West Ham,27-119,1996,30.5,443,640,69.2,6219,1700,262,315,83.2,125,165,75.8,31,63,49.2,5,4.7,4.5,0.3,27,26,11,2,48,Matches
69,Conor Bradley,nir NIR,DF,Liverpool,20-283,2003,8.1,404,514,78.6,6000,1815,230,267,86.1,144,185,77.8,19,34,55.9,3,1.5,1.2,1.5,15,27,13,3,29,Matches
70,Jarrad Branthwaite,eng ENG,DF,Everton,21-295,2002,28.6,904,1143,79.1,16752,6240,359,416,86.3,436,501,87,91,174,52.3,0,0.9,1.1,-0.9,3,48,1,0,59,Matches
71,Ben Brereton,cl CHI,"FW,MF",Sheffield Utd,24-365,1999,6.5,84,117,71.8,1114,343,60,72,83.3,23,31,74.2,1,5,20,1,1.1,0.9,-0.1,5,9,7,1,15,Matches
72,Rhian Brewster,eng ENG,"FW,MF",Sheffield Utd,24-016,2000,3.4,43,63,68.3,555,144,29,34,85.3,9,21,42.9,2,2,100,0,0.1,0.1,-0.1,2,6,1,0,2,Matches
73,Armando Broja,al ALB,FW,Chelsea,22-220,2001,5,83,94,88.3,932,91,60,64,93.8,15,18,83.3,1,2,50,0,0.2,0.3,-0.2,3,2,2,0,6,Matches
74,Armando Broja,al ALB,FW,Fulham,22-220,2001,0.6,12,19,63.2,118,64,10,13,76.9,2,3,66.7,0,0,,1,0.4,0,0.6,1,3,1,0,2,Matches
75,Andre Brooks,eng ENG,"MF,DF",Sheffield Utd,20-241,2003,7.4,120,165,72.7,1784,400,72,86,83.7,42,57,73.7,5,11,45.5,0,0.1,0.2,-0.1,2,8,4,0,12,Matches
Rk,Player,Nation,Pos,Squad,Age,Born,90s,Cmp,Att,Cmp%,TotDist,PrgDist,Cmp,Att,Cmp%,Cmp,Att,Cmp%,Cmp,Att,Cmp%,Ast,xAG,xA,A-xAG,KP,3-Jan,PPA,CrsPA,PrgP,Matches
76,David Brooks,wls WAL,"FW,MF",Bournemouth,26-284,1997,3.1,95,132,72,1545,666,47,55,85.5,34,42,81,10,23,43.5,1,1,0.5,0,8,14,12,3,21,Matches
77,Jacob Brown,sct SCO,"MF,FW",Luton Town,26-007,1998,11.3,136,247,55.1,1865,626,91,127,71.7,35,56,62.5,6,24,25,0,0.7,0.4,-0.7,8,6,3,1,19,Matches
78,Josh Brownhill,eng ENG,MF,Burnley,28-120,1995,23.6,795,1034,76.9,12466,3225,413,488,84.6,299,375,79.7,52,109,47.7,2,1.9,1.9,0.1,30,62,14,0,84,Matches
79,Jacob Bruun Larsen,dk DEN,"MF,FW",Burnley,25-211,1998,10.4,285,395,72.2,4480,979,160,198,80.8,86,115,74.8,28,44,63.6,0,0.9,1.5,-0.9,18,7,10,1,28,Matches
80,Hugo Bueno,es ESP,"DF,MF",Wolves,21-212,2002,6.2,269,346,77.7,3681,873,183,204,89.7,73,94,77.7,10,24,41.7,0,0.6,0.4,-0.6,5,10,8,8,6,Matches
81,Santiago Bueno,uy URU,DF,Wolves,25-160,1998,6.5,305,352,86.6,5126,1591,121,133,91,164,178,92.1,12,28,42.9,0,0,0,0,1,13,0,0,10,Matches
82,Facundo Buonanotte,ar ARG,"FW,MF",Brighton,19-116,2004,12,326,393,83,4071,768,214,247,86.6,75,86,87.2,9,15,60,1,1.7,1.1,-0.7,17,18,13,1,33,Matches
83,Reece Burke,eng ENG,DF,Luton Town,27-228,1996,15,423,557,75.9,7845,3001,147,186,79,228,267,85.4,39,80,48.8,3,1.1,0.7,1.9,9,34,6,2,44,Matches
84,Dan Burn,eng ENG,DF,Newcastle Utd,31-344,1992,24.3,1092,1364,80.1,17582,6799,533,616,86.5,506,603,83.9,43,93,46.2,2,1,1,1,8,56,7,3,66,Matches
85,Mason Burstow,eng ENG,FW,Chelsea,20-257,2003,0.1,3,4,75,29,1,3,3,100,0,0,,0,0,,0,0,0,0,0,0,0,0,0,Matches
86,Moisés Caicedo,ec ECU,MF,Chelsea,22-167,2001,25.1,1475,1631,90.4,22901,5996,805,863,93.3,522,559,93.4,95,117,81.2,1,1.5,1.3,-0.5,16,129,13,0,128,Matches
87,Tom Cairney,sct SCO,MF,Fulham,33-088,1991,15.4,1053,1192,88.3,16229,3494,575,613,93.8,385,415,92.8,63,102,61.8,4,2.1,2.3,1.9,22,79,23,4,137,Matches
88,Dominic Calvert-Lewin,eng ENG,FW,Everton,27-032,1997,19.8,199,363,54.8,2426,593,139,222,62.6,42,85,49.4,6,11,54.5,1,1.7,0.8,-0.7,17,13,12,0,28,Matches
89,Thomas Cannon,ie IRL,FW,Everton,21-111,2002,0,0,0,,0,0,0,0,,0,0,,0,0,,0,0,0,0,0,0,0,0,0,Matches
90,Diego Carlos,br BRA,DF,Aston Villa,31-033,1993,17,984,1114,88.3,19517,8061,300,321,93.5,582,609,95.6,96,174,55.2,0,0.1,0.4,-0.1,3,65,4,0,55,Matches
91,Cesare Casadei,it ITA,"FW,MF",Chelsea,21-098,2003,0.4,25,30,83.3,397,60,13,15,86.7,11,12,91.7,1,1,100,0,0.1,0.1,-0.1,1,1,0,0,1,Matches
92,Casemiro,br BRA,MF,Manchester Utd,32-054,1992,16,779,954,81.7,12667,4719,394,438,90,296,358,82.7,60,103,58.3,2,0.9,0.9,1.1,14,91,13,3,93,Matches
93,Matty Cash,pl POL,DF,Aston Villa,26-254,1997,21.1,903,1121,80.6,14542,4263,459,507,90.5,375,457,82.1,53,112,47.3,1,2.1,2.3,-1.1,11,62,17,8,82,Matches
94,Timothy Castagne,be BEL,DF,Fulham,28-134,1995,25.3,1187,1456,81.5,18700,6489,628,704,89.2,448,515,87,80,144,55.6,2,1.4,1.4,0.6,16,67,17,8,70,Matches
95,Jonny Castro,es ESP,MF,Wolves,30-045,1994,0.1,0,0,,0,0,0,0,,0,0,,0,0,,0,0,0,0,0,0,0,0,0,Matches
96,Trevoh Chalobah,eng ENG,DF,Chelsea,24-287,1999,4.4,289,331,87.3,5142,1373,107,120,89.2,164,173,94.8,14,33,42.4,0,0,0,0,1,1,0,0,7,Matches
97,Calum Chambers,eng ENG,"DF,MF",Aston Villa,29-088,1995,0.8,50,55,90.9,911,365,18,19,94.7,28,28,100,4,6,66.7,0,0,0,0,0,0,0,0,2,Matches
98,Youssef Chermiti,pt POR,FW,Everton,19-329,2004,0.9,15,23,65.2,224,44,8,12,66.7,7,10,70,0,0,,0,0.4,0,-0.4,1,0,2,0,4,Matches
99,Ben Chilwell,eng ENG,DF,Chelsea,27-118,1996,8.4,373,495,75.4,5230,1552,230,259,88.8,112,143,78.3,18,48,37.5,1,2.2,1.8,-1.2,14,29,2,2,25,Matches
100,Tawanda Chirewa,eng ENG,MF,Wolves,20-189,2003,0.4,16,17,94.1,234,64,10,11,90.9,5,5,100,1,1,100,0,0,0,0,1,1,2,2,2,Matches
Rk,Player,Nation,Pos,Squad,Age,Born,90s,Cmp,Att,Cmp%,TotDist,PrgDist,Cmp,Att,Cmp%,Cmp,Att,Cmp%,Cmp,Att,Cmp%,Ast,xAG,xA,A-xAG,KP,3-Jan,PPA,CrsPA,PrgP,Matches
101,Leon Chiwome,eng ENG,FW,Wolves,18-098,2006,1.9,19,22,86.4,244,59,12,13,92.3,6,6,100,1,1,100,0,0,0,0,0,2,0,0,2,Matches
102,Tahith Chong,nl NED,MF,Luton Town,24-135,1999,17.3,330,420,78.6,5129,1362,176,203,86.7,110,135,81.5,27,42,64.3,0,0.5,1.3,-0.5,9,28,16,8,57,Matches
103,Ryan Christie,sct SCO,MF,Bournemouth,29-055,1995,27.3,837,1113,75.2,15898,4297,336,390,86.2,366,448,81.7,119,214,55.6,4,4.6,4.6,-0.6,39,106,34,6,142,Matches
104,Carney Chukwuemeka,eng ENG,"MF,FW",Chelsea,20-180,2003,2.5,115,134,85.8,1476,266,82,88,93.2,26,31,83.9,4,5,80,1,0.3,0.3,0.7,4,4,6,0,12,Matches
105,Bobby Clark,eng ENG,MF,Liverpool,19-070,2005,1,38,49,77.6,465,64,23,29,79.3,11,12,91.7,1,2,50,0,0,0,0,0,3,0,0,3,Matches
106,Jordan Clark,eng ENG,MF,Luton Town,30-208,1993,11.5,300,413,72.6,4959,1381,145,185,78.4,105,132,79.5,30,55,54.5,1,0.9,0.9,0.1,8,16,12,3,37,Matches
107,Nathaniel Clyne,eng ENG,"DF,MF",Crystal Palace,33-012,1991,9,283,356,79.5,4265,1787,155,170,91.2,105,128,82,17,31,54.8,0,0,0.1,0,1,21,2,1,18,Matches
108,Séamus Coleman,ie IRL,DF,Everton,35-189,1988,5.1,131,202,64.9,2052,894,78,96,81.3,45,63,71.4,7,30,23.3,0,1,0.7,-1,2,7,3,1,17,Matches
109,Nathan Collins,ie IRL,DF,Brentford,22-353,2001,25.5,1072,1320,81.2,19663,7257,402,459,87.6,553,636,86.9,96,177,54.2,1,1.8,1,-0.8,9,64,5,0,82,Matches
110,Levi Colwill,eng ENG,DF,Chelsea,21-051,2003,20,965,1163,83,16310,5939,444,495,89.7,456,508,89.8,51,117,43.6,1,1.2,0.5,-0.2,7,82,6,0,73,Matches
111,Lewis Cook,eng ENG,MF,Bournemouth,27-074,1997,25,914,1205,75.9,16399,5522,372,441,84.4,432,494,87.4,90,210,42.9,3,3.3,2.5,-0.3,39,118,20,4,122,Matches
112,Jack Cork,eng ENG,MF,Burnley,34-297,1989,0.2,16,24,66.7,252,39,6,9,66.7,8,8,100,1,3,33.3,0,0,0,0,0,3,0,0,2,Matches
113,Maxwel Cornet,ci CIV,"MF,FW",West Ham,27-203,1996,1.2,33,45,73.3,377,70,25,31,80.6,5,7,71.4,0,1,0,0,0.2,0,-0.2,4,0,0,0,2,Matches
114,Vladimír Coufal,cz CZE,DF,West Ham,31-239,1992,29.8,995,1449,68.7,16165,8078,514,577,89.1,389,546,71.2,70,222,31.5,7,3.2,2.4,3.8,29,90,33,18,108,Matches
115,Philippe Coutinho,br BRA,"MF,FW",Aston Villa,31-310,1992,0.3,20,24,83.3,265,63,11,14,78.6,8,9,88.9,0,0,,0,0,0,0,0,4,0,0,5,Matches
116,Aaron Cresswell,eng ENG,"DF,FW",West Ham,34-124,1989,3.1,159,196,81.1,2681,1159,91,99,91.9,44,58,75.9,19,32,59.4,0,0.3,0.3,-0.3,4,10,2,0,21,Matches
117,Marc Cucurella,es ESP,DF,Chelsea,25-270,1998,12.8,689,800,86.1,10219,3023,393,428,91.8,258,287,89.9,23,51,45.1,1,0.5,0.5,0.5,13,32,3,1,34,Matches
118,Josh Cullen,ie IRL,MF,Burnley,28-010,1996,18,919,1079,85.2,14598,3774,496,534,92.9,350,390,89.7,53,105,50.5,2,1.5,2,0.5,19,81,14,2,92,Matches
119,Matheus Cunha,br BRA,"FW,MF",Wolves,24-326,1999,23.2,549,689,79.7,7341,1889,349,402,86.8,149,186,80.1,25,45,55.6,6,3.1,2.5,2.9,26,46,27,1,68,Matches
120,Mahmoud Dahoud,de GER,MF,Brighton,28-107,1996,5,284,328,86.6,4011,886,169,176,96,84,99,84.8,16,25,64,1,0.9,0.4,0.1,10,21,1,1,11,Matches
121,Ameen Al-Dakhil,be BEL,DF,Burnley,22-042,2002,11.7,537,637,84.3,9642,2939,208,220,94.5,280,321,87.2,42,77,54.5,0,0.1,0.6,-0.1,2,13,2,0,35,Matches
122,Diogo Dalot,pt POR,DF,Manchester Utd,25-030,1999,29.3,1220,1513,80.6,20979,6758,577,650,88.8,474,580,81.7,131,194,67.5,3,2.4,2.2,0.6,30,85,28,16,100,Matches
123,Mikkel Damsgaard,dk DEN,MF,Brentford,23-289,2000,6.3,199,293,67.9,3277,1301,99,132,75,78,99,78.8,18,40,45,2,1.2,0.6,0.8,8,35,6,1,45,Matches
124,Danilo,br BRA,MF,Nott'ham Forest,22-354,2001,15.3,469,596,78.7,8343,2298,204,241,84.6,197,223,88.3,55,90,61.1,1,1,0.5,0,10,62,11,0,61,Matches
125,Arnaut Danjuma,nl NED,"MF,FW",Everton,27-077,1997,6.6,102,152,67.1,1420,357,57,69,82.6,37,54,68.5,2,7,28.6,0,1.1,0.4,-1.1,6,6,2,0,9,Matches
Rk,Player,Nation,Pos,Squad,Age,Born,90s,Cmp,Att,Cmp%,TotDist,PrgDist,Cmp,Att,Cmp%,Cmp,Att,Cmp%,Cmp,Att,Cmp%,Ast,xAG,xA,A-xAG,KP,3-Jan,PPA,CrsPA,PrgP,Matches
126,Jayden Danns,eng ENG,FW,Liverpool,18-092,2006,0.1,5,7,71.4,73,16,3,4,75,2,3,66.7,0,0,,0,0,0,0,0,0,1,0,1,Matches
127,Josh Dasilva,eng ENG,"DF,FW",Brentford,25-177,1998,0.3,10,19,52.6,153,59,5,7,71.4,5,7,71.4,0,2,0,0,0.2,0.2,-0.2,1,0,0,0,2,Matches
128,David Datro Fofana,ci CIV,FW,Burnley,21-117,2002,9,106,155,68.4,1419,312,62,86,72.1,30,39,76.9,5,6,83.3,1,1.8,0.2,-0.8,6,8,4,1,13,Matches
129,Ben Davies,wls WAL,DF,Tottenham,30-359,1993,11.1,730,804,90.8,13349,5172,280,300,93.3,377,398,94.7,60,79,75.9,0,0.4,0.5,-0.4,4,79,4,0,71,Matches
130,Tom Davies,eng ENG,MF,Sheffield Utd,25-292,1998,2.5,68,99,68.7,901,310,41,50,82,20,27,74.1,2,7,28.6,0,0.1,0.2,-0.1,1,6,1,0,8,Matches
131,Craig Dawson,eng ENG,DF,Wolves,33-347,1990,24.5,1104,1277,86.5,23417,8062,296,333,88.9,640,679,94.3,158,237,66.7,1,1.4,0.6,-0.4,9,52,2,0,49,Matches
132,Kevin De Bruyne,be BEL,MF,Manchester City,32-294,1991,8.4,485,666,72.8,7839,2456,278,316,88,149,205,72.7,48,103,46.6,6,7.8,5,-1.8,42,52,41,9,80,Matches
133,Hannes Delcroix,be BEL,DF,Burnley,25-049,1999,6.5,300,350,85.7,4932,1666,145,155,93.5,135,154,87.7,16,31,51.6,0,0.2,0.1,-0.2,4,24,3,2,18,Matches
134,Leander Dendoncker,be BEL,MF,Aston Villa,29-002,1995,1.3,45,56,80.4,744,139,24,28,85.7,19,22,86.4,2,4,50,0,0,0,0,0,1,0,0,3,Matches
135,Moussa Diaby,fr FRA,"FW,MF",Aston Villa,24-285,1999,19.8,410,520,78.8,5824,1075,240,284,84.5,139,177,78.5,15,27,55.6,7,5.4,3.8,1.6,39,23,35,9,57,Matches
136,Amad Diallo,ci CIV,FW,Manchester Utd,21-281,2002,1,46,53,86.8,563,70,33,37,89.2,10,11,90.9,0,0,,0,0.1,0.2,-0.1,1,3,0,0,2,Matches
137,Amadou Diallo,eng ENG,MF,Newcastle Utd,21-062,2003,0,1,1,100,10,0,1,1,100,0,0,,0,0,,0,0,0,0,0,0,0,0,0,Matches
138,Rúben Dias,pt POR,DF,Manchester City,26-339,1997,25.4,2271,2425,93.6,39482,12354,952,988,96.4,1160,1204,96.3,134,189,70.9,0,0.3,1.3,-0.3,6,211,10,2,166,Matches
139,Luis Díaz,co COL,FW,Liverpool,27-095,1997,24.1,727,873,83.3,11215,2413,419,463,90.5,223,263,84.8,58,74,78.4,4,4.2,3.6,-0.2,45,52,34,2,93,Matches
140,Eric Dier,eng ENG,DF,Tottenham,30-093,1994,2.2,125,141,88.7,2070,1037,52,57,91.2,69,72,95.8,3,10,30,0,0,0,0,0,3,0,0,3,Matches
141,Lucas Digne,fr FRA,DF,Aston Villa,30-272,1993,21.8,848,1127,75.2,13522,4674,441,500,88.2,339,440,77,53,118,44.9,3,3.2,2.9,-0.2,31,40,32,14,69,Matches
142,Issa Diop,fr FRA,DF,Fulham,27-099,1997,12.8,804,910,88.4,14951,5431,284,307,92.5,466,499,93.4,47,82,57.3,0,0,0.4,0,0,55,2,0,64,Matches
143,Axel Disasi,fr FRA,DF,Chelsea,26-037,1998,27.6,1930,2154,89.6,32493,11073,836,872,95.9,994,1067,93.2,85,167,50.9,0,0.3,1,-0.3,3,112,8,1,111,Matches
144,Ben Doak,sct SCO,FW,Liverpool,18-158,2005,0.2,4,4,100,45,8,4,4,100,0,0,,0,0,,0,0,0,0,0,0,0,0,0,Matches
145,Lewis Dobbin,eng ENG,MF,Everton,21-105,2003,2.3,37,57,64.9,464,94,26,30,86.7,8,15,53.3,2,5,40,0,0.4,0.1,-0.4,3,0,3,1,3,Matches
146,Matt Doherty,ie IRL,"DF,MF",Wolves,32-092,1992,9.3,340,438,77.6,5173,1396,199,239,83.3,106,128,82.8,25,44,56.8,0,1,0.8,-1,10,17,6,1,20,Matches
147,Jeremy Doku,be BEL,"FW,MF",Manchester City,21-326,2002,15.5,618,761,81.2,8676,1406,400,447,89.5,179,231,77.5,24,31,77.4,7,4.1,5.1,2.9,41,9,40,7,56,Matches
148,Nicolás Domínguez,ar ARG,"MF,FW",Nott'ham Forest,25-294,1998,15.7,637,756,84.3,9639,2843,340,381,89.2,227,269,84.4,38,51,74.5,2,1,1.3,1,10,52,16,1,83,Matches
149,Jamie Donley,eng ENG,FW,Tottenham,19-105,2005,0,1,1,100,14,0,1,1,100,0,0,,0,0,,0,0,0,0,0,0,0,0,0,Matches
150,Abdoulaye Doucouré,ml MLI,"FW,MF",Everton,31-107,1993,23.9,544,713,76.3,7693,1864,303,361,83.9,187,228,82,23,50,46,0,2.6,1.3,-2.6,30,36,14,1,82,Matches
Rk,Player,Nation,Pos,Squad,Age,Born,90s,Cmp,Att,Cmp%,TotDist,PrgDist,Cmp,Att,Cmp%,Cmp,Att,Cmp%,Cmp,Att,Cmp%,Ast,xAG,xA,A-xAG,KP,3-Jan,PPA,CrsPA,PrgP,Matches
151,Cheick Doucouré,ml MLI,MF,Crystal Palace,24-100,2000,10.2,367,422,87,5725,1849,200,222,90.1,146,165,88.5,18,24,75,0,0.7,0.8,-0.7,10,39,5,0,49,Matches
152,Alfie Doughty,eng ENG,DF,Luton Town,24-118,1999,27.6,948,1431,66.2,17533,6851,440,504,87.3,347,465,74.6,138,359,38.4,7,5.4,4.7,1.6,59,59,29,16,85,Matches
153,Tommy Doyle,eng ENG,MF,Wolves,22-183,2001,11.8,701,835,84,13374,3710,273,292,93.5,310,345,89.9,97,158,61.4,0,0.4,0.7,-0.4,7,75,7,2,70,Matches
154,Radu Drăgușin,ro ROU,DF,Tottenham,22-074,2002,2.6,159,183,86.9,2766,833,62,71,87.3,92,98,93.9,3,9,33.3,0,0,0,0,0,6,0,0,5,Matches
155,Martin Dúbravka,sk SVK,GK,Newcastle Utd,35-093,1989,17.1,396,506,78.3,9168,5264,99,101,98,209,211,99.1,86,191,45,0,0.1,0,-0.1,1,1,0,0,0,Matches
156,Paul Dummett,wls WAL,DF,Newcastle Utd,32-204,1991,0.2,20,22,90.9,307,69,9,9,100,11,12,91.7,0,1,0,0,0,0,0,0,2,0,0,1,Matches
157,Lewis Dunk,eng ENG,DF,Brighton,32-148,1991,27.4,2677,2905,92.2,45833,17752,1225,1260,97.2,1194,1265,94.4,198,304,65.1,1,0.9,2.2,0.1,13,194,8,1,147,Matches
158,Jhon Durán,co COL,"FW,MF",Aston Villa,20-126,2003,3.8,61,91,67,815,169,36,50,72,19,22,86.4,2,3,66.7,0,0.2,0.2,-0.2,3,6,1,0,8,Matches
159,George Earthy,eng ENG,FW,West Ham,19-225,2004,0.1,5,5,100,61,13,3,3,100,2,2,100,0,0,,0,0,0,0,0,0,0,0,0,Matches
160,Ederson,br BRA,GK,Manchester City,30-244,1993,26.7,923,1061,87,22605,15363,230,231,99.6,474,484,97.9,217,341,63.6,0,0.1,0.1,-0.1,1,22,1,0,4,Matches
161,Odsonne Édouard,fr FRA,"FW,MF",Crystal Palace,26-092,1998,16.1,223,320,69.7,2792,633,147,186,79,56,75,74.7,6,10,60,0,1.1,1,-1.1,16,10,14,1,34,Matches
162,John Egan,ie IRL,DF,Sheffield Utd,31-180,1992,5.4,128,185,69.2,2449,988,38,49,77.6,79,92,85.9,9,38,23.7,0,0,0,0,0,5,1,0,5,Matches
163,Hjalmar Ekdal,se SWE,DF,Burnley,25-179,1998,4.3,164,187,87.7,2987,824,53,57,93,97,106,91.5,11,16,68.8,0,0.1,0,-0.1,1,8,0,0,10,Matches
164,Anthony Elanga,se SWE,"FW,MF",Nott'ham Forest,21-356,2002,23.9,437,629,69.5,5920,1445,274,341,80.4,128,192,66.7,15,25,60,8,5.9,3.3,2.1,29,27,23,5,46,Matches
165,Harvey Elliott,eng ENG,"MF,FW",Liverpool,21-013,2003,10.1,541,656,82.5,8716,1991,292,324,90.1,192,222,86.5,43,72,59.7,2,2.6,3.1,-0.6,23,49,30,8,80,Matches
166,Mohamed Elneny,eg EGY,MF,Arsenal,31-281,1992,0.3,39,40,97.5,624,147,18,19,94.7,21,21,100,0,0,,0,0,0,0,0,2,0,0,1,Matches
167,Emerson,br BRA,DF,Tottenham,25-094,1999,11.1,839,926,90.6,12109,3417,477,499,95.6,295,316,93.4,31,44,70.5,0,0.4,0.8,-0.4,2,39,7,2,46,Matches
168,Julio Enciso,py PAR,"MF,FW",Brighton,20-085,2004,2.6,48,74,64.9,635,182,31,38,81.6,13,21,61.9,3,5,60,2,0.9,0.6,1.1,4,3,0,0,4,Matches
169,Wataru Endo,jp JPN,MF,Liverpool,31-068,1993,14.4,837,964,86.8,13064,3676,440,481,91.5,354,396,89.4,33,46,71.7,0,1.7,1.3,-1.7,13,81,16,2,69,Matches
170,Christian Eriksen,dk DEN,MF,Manchester Utd,32-063,1992,9.9,489,614,79.6,8076,1996,249,283,88,180,218,82.6,42,77,54.5,1,1.8,1.9,-0.8,18,52,15,3,53,Matches
171,Maxime Estève,fr FRA,DF,Burnley,21-327,2002,10.1,453,558,81.2,7678,2083,193,220,87.7,229,257,89.1,22,55,40,0,0,0.1,0,0,22,0,0,26,Matches
172,Pervis Estupiñán,ec ECU,DF,Brighton,26-087,1998,13.8,809,962,84.1,11736,3617,480,524,91.6,270,313,86.3,32,64,50,3,3.5,2.3,-0.5,26,66,25,11,83,Matches
173,Jonny Evans,nir NIR,DF,Manchester Utd,36-105,1988,12.3,546,632,86.4,9144,3132,234,256,91.4,256,280,91.4,36,63,57.1,1,1.2,0.3,-0.2,5,26,3,0,32,Matches
174,Eberechi Eze,eng ENG,"MF,FW",Crystal Palace,25-293,1998,18.2,550,724,76,8818,2567,272,316,86.1,203,243,83.5,51,112,45.5,2,4,4.2,-2,44,38,30,3,75,Matches
175,Łukasz Fabiański,pl POL,GK,West Ham,38-365,1985,7,139,203,68.5,4446,3211,18,18,100,63,63,100,57,120,47.5,0,0,0,0,0,7,0,0,1,Matches
Rk,Player,Nation,Pos,Squad,Age,Born,90s,Cmp,Att,Cmp%,TotDist,PrgDist,Cmp,Att,Cmp%,Cmp,Att,Cmp%,Cmp,Att,Cmp%,Ast,xAG,xA,A-xAG,KP,3-Jan,PPA,CrsPA,PrgP,Matches
176,Romain Faivre,fr FRA,"FW,MF",Bournemouth,25-278,1998,0.4,16,21,76.2,205,90,8,10,80,5,5,100,1,3,33.3,0,0,0,0,0,2,1,0,4,Matches
177,Ansu Fati,es ESP,"MF,FW",Brighton,21-169,2002,5.6,170,200,85,2216,509,110,117,94,41,50,82,9,10,90,0,0.8,0.6,-0.8,6,13,7,0,28,Matches
178,Felipe,br BRA,DF,Nott'ham Forest,34-337,1989,4.2,183,215,85.1,3654,1412,61,70,87.1,97,105,92.4,21,33,63.6,0,0.1,0,-0.1,2,10,0,0,6,Matches
179,Evan Ferguson,ie IRL,FW,Brighton,19-181,2004,15.2,244,303,80.5,3028,349,156,180,86.7,54,63,85.7,11,15,73.3,0,0.5,0.8,-0.5,6,11,4,0,15,Matches
180,Bruno Fernandes,pt POR,"MF,FW",Manchester Utd,29-222,1994,31,1399,1925,72.7,24813,8966,684,786,87,465,612,76,196,372,52.7,6,8.8,7.7,-2.8,90,160,72,8,256,Matches
181,Enzo Fernández,ar ARG,MF,Chelsea,23-091,2001,23.8,1527,1805,84.6,28061,8221,646,711,90.9,647,726,89.1,192,266,72.2,2,3.4,3.7,-1.4,32,173,42,4,205,Matches
182,John Fleck,sct SCO,"MF,DF",Sheffield Utd,32-237,1991,1,29,40,72.5,408,88,21,27,77.8,7,9,77.8,1,2,50,0,0.4,0.3,-0.4,2,1,1,0,3,Matches
183,Mark Flekken,nl NED,GK,Brentford,30-309,1993,31.5,957,1363,70.2,27910,19189,137,139,98.6,476,481,99,341,736,46.3,1,0.4,0.2,0.6,3,34,1,0,4,Matches
184,Phil Foden,eng ENG,"FW,MF",Manchester City,23-325,2000,27.2,1279,1496,85.5,17266,3162,823,877,93.8,339,394,86,56,105,53.3,7,7,6.2,0,61,53,54,5,148,Matches
185,Wes Foderingham,eng ENG,GK,Sheffield Utd,33-094,1991,24.4,485,873,55.6,16052,12848,84,85,98.8,193,203,95.1,208,575,36.2,0,0,0.1,0,0,17,2,0,0,Matches
186,Pablo Fornals,es ESP,"MF,FW",West Ham,28-055,1996,4.7,162,210,77.1,2602,713,83,96,86.5,60,75,80,12,20,60,0,0.3,0.3,-0.3,5,19,6,1,29,Matches
187,Omari Forson,eng ENG,FW,Manchester Utd,19-272,2004,0.7,23,26,88.5,277,64,14,14,100,7,9,77.8,0,0,,1,0.2,0,0.8,2,2,1,0,2,Matches
188,Lyle Foster,za RSA,"FW,MF",Burnley,23-227,2000,16.3,229,346,66.2,3195,608,144,201,71.6,65,88,73.9,10,16,62.5,3,1.6,0.9,1.4,14,17,10,0,27,Matches
189,Matheus França,br BRA,"MF,FW",Crystal Palace,20-016,2004,2.6,51,79,64.6,910,256,20,29,69,24,29,82.8,5,13,38.5,1,0.9,0.5,0.1,6,4,2,0,8,Matches
190,Nathan Fraser,ie IRL,FW,Wolves,19-055,2005,2.1,32,40,80,372,45,23,25,92,7,10,70,0,0,,0,0.1,0,-0.1,2,0,2,0,2,Matches
191,Cody Gakpo,nl NED,"FW,MF",Liverpool,24-346,1999,13.7,306,400,76.5,4306,1317,185,220,84.1,96,137,70.1,14,17,82.4,3,1.8,1.6,1.2,18,32,24,4,61,Matches
192,Conor Gallagher,eng ENG,MF,Chelsea,24-071,2000,27.9,1454,1635,88.9,21607,4812,844,899,93.9,483,526,91.8,80,122,65.6,6,4.8,3,1.2,47,108,28,3,143,Matches
193,Idrissa Gana Gueye,sn SEN,MF,Everton,34-204,1989,15.4,537,643,83.5,8420,2123,257,291,88.3,239,273,87.5,29,49,59.2,0,0.7,0.6,-0.7,10,47,6,1,56,Matches
194,Alejandro Garnacho,ar ARG,FW,Manchester Utd,19-291,2004,22.6,522,702,74.4,7308,1109,317,375,84.5,149,188,79.3,30,52,57.7,3,4.6,2.4,-1.6,38,22,18,3,52,Matches
195,James Garner,eng ENG,MF,Everton,23-035,2001,28.5,832,1081,77,14224,3976,391,450,86.9,332,386,86,84,171,49.1,2,4.3,3.4,-2.3,39,85,21,5,91,Matches
196,Saman Ghoddos,ir IRN,DF,Brentford,30-224,1993,7.9,315,436,72.2,5409,1668,156,179,87.2,130,165,78.8,26,77,33.8,0,1.1,1,-1.1,9,27,10,4,33,Matches
197,Morgan Gibbs-White,eng ENG,"MF,FW",Nott'ham Forest,24-081,2000,30.1,853,1240,68.8,14927,5038,416,514,80.9,275,365,75.3,123,253,48.6,7,7,5.7,0,61,95,32,9,142,Matches
198,Bryan Gil,es ESP,"FW,MF",Tottenham,23-066,2001,2.2,113,140,80.7,1619,284,61,73,83.6,48,55,87.3,1,2,50,0,0.1,0.2,-0.1,3,5,6,1,11,Matches
199,Alfie Gilchrist,eng ENG,DF,Chelsea,20-141,2003,0.5,43,52,82.7,618,138,27,34,79.4,16,17,94.1,0,0,,0,0,0,0,0,1,0,0,1,Matches
200,Billy Gilmour,sct SCO,MF,Brighton,22-311,2001,19.8,1649,1809,91.2,25332,6471,892,925,96.4,615,663,92.8,88,143,61.5,1,2,2.1,-1,20,156,28,2,165,Matches
Rk,Player,Nation,Pos,Squad,Age,Born,90s,Cmp,Att,Cmp%,TotDist,PrgDist,Cmp,Att,Cmp%,Cmp,Att,Cmp%,Cmp,Att,Cmp%,Ast,xAG,xA,A-xAG,KP,3-Jan,PPA,CrsPA,PrgP,Matches
201,Ben Godfrey,eng ENG,DF,Everton,26-093,1998,9.4,268,386,69.4,4662,1933,110,138,79.7,132,169,78.1,19,51,37.3,0,0.3,0.4,-0.3,3,23,5,2,34,Matches
202,André Gomes,pt POR,"MF,FW",Everton,30-262,1993,4.3,164,214,76.6,3002,784,77,94,81.9,63,73,86.3,21,39,53.8,0,0.4,0.3,-0.4,4,17,6,1,30,Matches
203,João Gomes,br BRA,MF,Wolves,23-065,2001,23.7,861,1040,82.8,12382,3377,497,556,89.4,280,328,85.4,37,71,52.1,1,1,1.5,0,15,54,19,5,81,Matches
204,Toti Gomes,pt POR,DF,Wolves,25-092,1999,24.8,1246,1525,81.7,18944,7058,651,717,90.8,513,608,84.4,44,124,35.5,3,1.1,0.6,1.9,4,67,6,1,69,Matches
205,Joe Gomez,eng ENG,DF,Liverpool,26-330,1997,18.2,1026,1241,82.7,17632,4608,470,521,90.2,463,544,85.1,78,122,63.9,1,1.3,1,-0.3,22,78,18,5,95,Matches
206,Sergio Gómez,es ESP,FW,Manchester City,23-226,2000,0.5,35,43,81.4,498,65,22,24,91.7,11,13,84.6,1,2,50,1,0.2,0.2,0.8,1,0,2,1,2,Matches
207,Anthony Gordon,eng ENG,FW,Newcastle Utd,23-053,2001,27.3,646,835,77.4,9437,2506,400,458,87.3,171,225,76,48,91,52.7,8,6.3,4.3,1.7,41,38,34,10,82,Matches
208,Kaide Gordon,eng ENG,FW,Liverpool,19-195,2004,0,1,1,100,16,11,0,0,,1,1,100,0,0,,0,0,0,0,0,0,0,0,1,Matches
209,Daniel Gore,eng ENG,MF,Manchester Utd,19-204,2004,0,0,0,,0,0,0,0,,0,0,,0,0,,0,0,0,0,0,0,0,0,0,Matches
210,Ryan Gravenberch,nl NED,MF,Liverpool,21-337,2002,10.1,336,409,82.2,4484,1409,219,252,86.9,96,108,88.9,7,8,87.5,0,0.8,0.9,-0.8,11,29,20,0,64,Matches
211,Ivo Grbić,hr CRO,GK,Sheffield Utd,28-090,1996,7.6,117,255,45.9,4557,3932,15,15,100,32,37,86.5,69,199,34.7,0,0,0,0,0,0,0,0,0,Matches
212,Jack Grealish,eng ENG,FW,Manchester City,28-220,1995,10.2,454,533,85.2,6403,975,275,301,91.4,142,160,88.8,20,29,69,1,2.5,2.7,-1.5,25,12,22,0,45,Matches
213,Pascal Groß,de GER,"MF,DF",Brighton,32-307,1991,28.6,2355,2746,85.8,36558,11319,1336,1415,94.4,787,894,88,162,310,52.3,10,7.3,7.9,2.7,90,207,65,22,269,Matches
214,Marc Guéhi,eng ENG,DF,Crystal Palace,23-279,2000,21.2,1073,1239,86.6,21710,7619,331,370,89.5,611,647,94.4,124,203,61.1,1,0.5,0.9,0.5,5,80,4,0,58,Matches
215,Bruno Guimarães,br BRA,MF,Newcastle Utd,26-153,1997,30.3,1589,1879,84.6,27585,7548,733,808,90.7,654,745,87.8,153,233,65.7,6,5.2,5.3,0.8,50,150,55,4,229,Matches
216,Malo Gusto,fr FRA,DF,Chelsea,20-334,2003,17.9,1134,1314,86.3,16114,4675,701,766,91.5,363,418,86.8,45,69,65.2,5,3.8,2.7,1.2,30,46,27,13,81,Matches
217,Joško Gvardiol,hr CRO,DF,Manchester City,22-085,2002,19.9,1322,1513,87.4,20236,5087,711,770,92.3,509,565,90.1,62,88,70.5,1,1.3,1.8,-0.3,15,124,11,3,110,Matches
218,Erling Haaland,no NOR,FW,Manchester City,23-271,2000,24.2,241,320,75.3,2692,452,158,196,80.6,50,61,82,5,8,62.5,5,4.2,2.1,0.8,28,14,9,0,18,Matches
219,Antwoine Hackford,eng ENG,FW,Sheffield Utd,20-028,2004,0.1,2,2,100,14,0,2,2,100,0,0,,0,0,,0,0,0,0,0,0,0,0,0,Matches
220,Lewis Hall,eng ENG,DF,Newcastle Utd,19-222,2004,3.5,168,215,78.1,2706,926,89,99,89.9,68,83,81.9,10,21,47.6,0,0.1,0.4,-0.1,1,12,2,1,17,Matches
221,Gustavo Hamer,nl NED,MF,Sheffield Utd,26-298,1997,26.6,612,902,67.8,10107,3781,303,371,81.7,212,278,76.3,64,181,35.4,5,3.7,3.2,1.3,47,67,26,5,99,Matches
222,Luke Harris,wls WAL,MF,Fulham,19-014,2005,0.8,11,14,78.6,172,14,5,8,62.5,4,4,100,1,1,100,0,0,0,0,0,0,1,0,1,Matches
223,Jack Harrison,eng ENG,"MF,FW",Everton,27-149,1996,20.6,333,524,63.5,4754,1923,197,242,81.4,106,164,64.6,18,57,31.6,3,3.1,2.5,-0.1,21,28,32,9,52,Matches
224,Daiki Hashioka,jp JPN,DF,Luton Town,24-336,1999,4.7,145,188,77.1,2508,941,63,69,91.3,67,80,83.8,12,27,44.4,0,0.2,0.2,-0.2,1,11,2,1,18,Matches
225,Kai Havertz,de GER,"MF,FW",Arsenal,24-311,1999,23.5,630,769,81.9,8029,2016,428,489,87.5,171,208,82.2,5,11,45.5,5,2.7,3,2.3,34,54,25,1,88,Matches
Rk,Player,Nation,Pos,Squad,Age,Born,90s,Cmp,Att,Cmp%,TotDist,PrgDist,Cmp,Att,Cmp%,Cmp,Att,Cmp%,Cmp,Att,Cmp%,Ast,xAG,xA,A-xAG,KP,3-Jan,PPA,CrsPA,PrgP,Matches
226,Jan Paul van Hecke,nl NED,DF,Brighton,23-314,2000,25.3,2171,2351,92.3,37397,14417,919,968,94.9,1076,1146,93.9,135,182,74.2,0,0.8,1.1,-0.8,9,154,10,1,146,Matches
227,Hwang Hee-chan,kr KOR,"FW,MF",Wolves,28-082,1996,18.4,353,456,77.4,4781,844,213,258,82.6,108,135,80,13,18,72.2,3,2.9,2.5,0.1,15,16,6,2,29,Matches
228,Dean Henderson,eng ENG,GK,Crystal Palace,27-036,1997,12,184,329,55.9,5208,3824,42,43,97.7,86,88,97.7,54,195,27.7,0,0,0,0,0,7,1,0,0,Matches
229,Rico Henry,eng ENG,DF,Brentford,26-284,1997,4.5,147,183,80.3,2291,763,82,94,87.2,51,61,83.6,11,19,57.9,1,1,0.8,0,4,10,7,2,20,Matches
230,Son Heung-min,kr KOR,FW,Tottenham,31-284,1992,26.6,695,851,81.7,9525,2328,415,483,85.9,231,262,88.2,20,33,60.6,9,8.7,7,0.3,53,35,54,2,112,Matches
231,Aaron Hickey,sct SCO,DF,Brentford,21-312,2002,7.9,243,277,87.7,3813,894,134,140,95.7,92,106,86.8,14,20,70,0,0.1,0.1,-0.1,1,10,2,0,21,Matches
232,James Hill,eng ENG,DF,Bournemouth,22-098,2002,0.8,27,41,65.9,530,231,12,15,80,8,13,61.5,5,10,50,0,0,0,0,0,6,0,0,4,Matches
233,Jack Hinshelwood,eng ENG,DF,Brighton,19-006,2005,9.7,418,498,83.9,5999,1172,233,267,87.3,156,175,89.1,9,22,40.9,0,0.7,0.4,-0.7,8,24,5,1,19,Matches
234,Mason Holgate,eng ENG,DF,Sheffield Utd,27-178,1996,5.9,100,159,62.9,1967,977,45,58,77.6,35,55,63.6,18,40,45,0,0.4,0.2,-0.4,1,15,2,2,10,Matches
235,Callum Hudson-Odoi,eng ENG,FW,Nott'ham Forest,23-162,2000,15.8,442,569,77.7,6945,1306,253,280,90.4,139,189,73.5,37,64,57.8,1,2.1,1.4,-1.1,26,15,23,6,43,Matches
236,Will Hughes,eng ENG,MF,Crystal Palace,29-000,1995,17.2,574,696,82.5,8380,2341,308,346,89,221,250,88.4,23,55,41.8,0,0.8,1.5,-0.8,17,58,15,2,56,Matches
237,Pierre Højbjerg,dk DEN,MF,Tottenham,28-256,1995,12.3,1034,1184,87.3,16737,6092,547,602,90.9,367,400,91.8,82,118,69.5,0,0.9,1.4,-0.9,7,131,9,0,111,Matches
238,Rasmus Højlund,dk DEN,FW,Manchester Utd,21-073,2003,20,261,343,76.1,3052,806,166,206,80.6,50,66,75.8,10,11,90.9,2,1.5,0.8,0.5,24,11,13,1,29,Matches
239,Igor,br BRA,DF,Brighton,26-070,1998,13,1057,1131,93.5,16615,5093,523,544,96.1,479,498,96.2,40,52,76.9,0,0.3,0.3,-0.3,5,93,2,0,89,Matches
240,Danny Ings,eng ENG,FW,West Ham,31-269,1992,3.9,63,93,67.7,692,119,33,43,76.7,16,20,80,0,7,0,0,0.3,0.2,-0.3,5,1,2,0,5,Matches
241,Tim Iroegbunam,eng ENG,MF,Aston Villa,20-292,2003,1.4,37,41,90.2,536,182,20,21,95.2,16,17,94.1,0,0,,0,0,0,0,0,0,0,0,1,Matches
242,Alexander Isak,se SWE,FW,Newcastle Utd,24-209,1999,19.6,290,374,77.5,4256,903,171,201,85.1,95,115,82.6,13,20,65,1,1.9,1.9,-0.9,19,23,16,0,56,Matches
243,Alex Iwobi,ng NGA,MF,Everton,27-350,1996,1.6,27,42,64.3,545,179,13,14,92.9,7,10,70,7,15,46.7,0,0.2,0.4,-0.2,4,1,3,1,4,Matches
244,Alex Iwobi,ng NGA,"FW,MF",Fulham,27-350,1996,19.4,683,864,79.1,11255,3572,337,375,89.9,267,328,81.4,56,97,57.7,2,4.1,3.3,-2.1,39,69,40,6,130,Matches
245,Nicolas Jackson,sn SEN,FW,Chelsea,22-302,2001,24.1,394,508,77.6,4832,1235,249,295,84.4,89,117,76.1,14,19,73.7,4,3.6,2.5,0.4,28,27,18,0,52,Matches
246,Reece James,eng ENG,DF,Chelsea,24-131,1999,4.3,253,315,80.3,4003,1214,134,153,87.6,94,117,80.3,17,31,54.8,1,1.5,1.2,-0.5,10,18,6,3,20,Matches
247,Vitaly Janelt,de GER,"MF,DF",Brentford,25-343,1998,29.7,935,1210,77.3,15017,4538,497,577,86.1,334,424,78.8,74,134,55.2,2,4,2.9,-2,31,93,29,12,108,Matches
248,Mathias Jensen,dk DEN,MF,Brentford,28-107,1996,21.6,755,1047,72.1,15209,5525,303,358,84.6,296,386,76.7,135,239,56.5,3,3.5,4.1,-0.5,37,77,32,8,106,Matches
249,Gabriel Jesus,br BRA,FW,Arsenal,27-014,1997,15,356,449,79.3,4720,890,226,264,85.6,99,124,79.8,10,15,66.7,3,3.5,3,-0.5,26,18,16,1,39,Matches
250,Raúl Jiménez,mx MEX,FW,Fulham,32-348,1991,14.2,227,339,67,2976,599,139,175,79.4,49,83,59,15,29,51.7,0,1.4,0.9,-1.4,10,20,9,1,19,Matches
Rk,Player,Nation,Pos,Squad,Age,Born,90s,Cmp,Att,Cmp%,TotDist,PrgDist,Cmp,Att,Cmp%,Cmp,Att,Cmp%,Cmp,Att,Cmp%,Ast,xAG,xA,A-xAG,KP,3-Jan,PPA,CrsPA,PrgP,Matches
251,João Pedro,br BRA,"FW,MF",Brighton,22-204,2001,17.8,525,654,80.3,6853,1388,341,388,87.9,143,177,80.8,16,31,51.6,2,2.7,3.2,-0.7,26,34,35,1,72,Matches
252,Joelinton,br BRA,"MF,FW",Newcastle Utd,27-247,1996,12.6,440,528,83.3,6118,1514,261,296,88.2,138,156,88.5,16,19,84.2,1,2,0.7,-1,18,32,8,0,47,Matches
253,Ryan John Giles,eng ENG,"DF,MF",Luton Town,24-082,2000,5.6,140,218,64.2,2294,949,74,85,87.1,56,85,65.9,9,39,23.1,0,0.2,0.6,-0.2,5,10,10,6,17,Matches
254,Ben Johnson,eng ENG,"DF,FW",West Ham,24-084,2000,5.5,214,295,72.5,3247,1299,128,141,90.8,70,103,68,13,30,43.3,0,0,0.1,0,0,16,1,0,21,Matches
255,Brennan Johnson,wls WAL,FW,Tottenham,22-330,2001,17.6,402,563,71.4,5762,1423,252,308,81.8,128,175,73.1,14,35,40,7,5.4,3.5,1.6,32,27,28,7,58,Matches
256,Brennan Johnson,wls WAL,"FW,MF",Nott'ham Forest,22-330,2001,2.6,47,61,77,671,143,25,29,86.2,17,22,77.3,2,2,100,0,0.2,0,-0.2,1,2,0,0,1,Matches
257,Joseph Johnson,eng ENG,DF,Luton Town,18-056,2006,0,2,3,66.7,32,0,1,1,100,1,1,100,0,1,0,0,0,0,0,0,0,0,0,0,Matches
258,Sam Johnstone,eng ENG,GK,Crystal Palace,31-023,1993,20,343,599,57.3,11568,8793,45,46,97.8,143,147,97.3,155,401,38.7,0,0,0,0,0,13,0,0,0,Matches
259,Curtis Jones,eng ENG,MF,Liverpool,23-078,2001,12,648,715,90.6,9458,1941,370,392,94.4,238,259,91.9,17,25,68,1,0.5,1,0.5,9,60,11,1,67,Matches
260,Jorginho,it ITA,MF,Arsenal,32-119,1991,10,675,759,88.9,10965,3278,349,369,94.6,271,301,90,42,55,76.4,2,1.4,2.1,0.6,10,78,25,1,101,Matches
261,Diogo Jota,pt POR,FW,Liverpool,27-135,1996,11.9,276,375,73.6,3863,926,175,215,81.4,82,102,80.4,11,17,64.7,3,3.2,1.7,-0.2,21,17,12,0,32,Matches
262,Mads Juel Andersen,dk DEN,DF,Luton Town,26-112,1997,4.4,87,117,74.4,1570,766,41,47,87.2,37,48,77.1,9,19,47.4,0,0,0,0,0,7,0,0,7,Matches
263,Hamed Junior Traorè,ci CIV,MF,Bournemouth,24-061,2000,0.5,18,27,66.7,244,59,10,11,90.9,6,8,75,1,3,33.3,0,0,0,0,1,3,0,0,3,Matches
264,Mathias Jørgensen,dk DEN,DF,Brentford,33-360,1990,11.1,385,522,73.8,6244,3054,205,238,86.1,150,198,75.8,25,59,42.4,0,0.9,0.4,-0.9,5,47,8,1,43,Matches
265,Issa Kaboré,bf BFA,DF,Luton Town,22-341,2001,18.8,522,737,70.8,8231,3227,270,314,86,199,279,71.3,35,78,44.9,2,2,1.9,0,15,29,17,12,53,Matches
266,Sasa Kalajdzic,at AUT,FW,Wolves,26-285,1997,1.8,38,60,63.3,507,130,22,33,66.7,10,16,62.5,2,5,40,0,1,0.3,-1,4,1,2,0,5,Matches
267,Boubacar Kamara,fr FRA,MF,Aston Villa,24-146,1999,18.4,922,1035,89.1,14037,3978,521,560,93,319,344,92.7,56,82,68.3,1,1.3,1.4,-0.3,20,107,12,0,83,Matches
268,Willy Kambwala,fr FRA,DF,Manchester Utd,19-236,2004,3.5,151,177,85.3,2616,884,64,68,94.1,83,93,89.2,3,13,23.1,0,0,0,0,0,5,0,0,7,Matches
269,Thomas Kaminski,be BEL,GK,Luton Town,31-177,1992,33,756,1298,58.2,24476,19928,143,144,99.3,282,295,95.6,327,850,38.5,0,0,0.1,0,0,39,1,0,1,Matches
270,Loris Karius,de GER,GK,Newcastle Utd,30-300,1993,1,21,37,56.8,507,279,4,4,100,14,14,100,3,18,16.7,0,0,0,0,0,0,0,0,0,Matches
271,Michael Keane,eng ENG,DF,Everton,31-097,1993,4.9,171,221,77.4,3519,1261,47,60,78.3,98,113,86.7,23,42,54.8,0,0,0.1,0,0,15,0,0,14,Matches
272,Thilo Kehrer,de GER,"DF,MF",West Ham,27-209,1996,0.2,9,9,100,86,36,7,7,100,1,1,100,0,0,,0,0,0,0,0,0,0,0,1,Matches
273,Caoimhín Kelleher,ie IRL,GK,Liverpool,25-146,1998,10,359,442,81.2,8077,5323,101,101,100,196,198,99,62,140,44.3,0,0,0,0,1,9,0,0,1,Matches
274,Lloyd Kelly,eng ENG,DF,Bournemouth,25-194,1998,14.1,569,775,73.4,11428,3840,193,235,82.1,294,345,85.2,74,162,45.7,1,1.1,0.7,-0.1,8,63,6,3,49,Matches
275,Omari Kellyman,eng ENG,FW,Aston Villa,18-215,2005,0.2,3,4,75,51,9,1,2,50,2,2,100,0,0,,0,0,0,0,0,1,0,0,0,Matches
Rk,Player,Nation,Pos,Squad,Age,Born,90s,Cmp,Att,Cmp%,TotDist,PrgDist,Cmp,Att,Cmp%,Cmp,Att,Cmp%,Cmp,Att,Cmp%,Ast,xAG,xA,A-xAG,KP,3-Jan,PPA,CrsPA,PrgP,Matches
276,Milos Kerkez,hu HUN,DF,Bournemouth,20-162,2003,19,556,763,72.9,8826,2989,295,344,85.8,212,299,70.9,38,82,46.3,1,0.6,0.7,0.4,8,30,12,7,40,Matches
277,Kaine Kesler-Hayden,eng ENG,DF,Aston Villa,21-177,2002,0,0,0,,0,0,0,0,,0,0,,0,0,,0,0,0,0,0,0,0,0,0,Matches
278,Max Kilman,eng ENG,DF,Wolves,26-330,1997,32,1625,1909,85.1,30274,10924,646,691,93.5,808,880,91.8,155,296,52.4,0,1.2,0.9,-1.2,14,97,10,1,102,Matches
279,Jakub Kiwior,pl POL,DF,Arsenal,24-062,2000,9.5,480,572,83.9,7785,2682,250,283,88.3,194,221,87.8,31,53,58.5,3,0.9,0.6,2.1,6,41,6,3,48,Matches
280,Justin Kluivert,nl NED,"MF,FW",Bournemouth,24-348,1999,16.3,224,332,67.5,3408,960,112,154,72.7,82,105,78.1,13,25,52,1,1.7,1.3,-0.7,19,10,18,2,41,Matches
281,Luca Koleosho,it ITA,"MF,FW",Burnley,19-215,2004,10.8,192,274,70.1,2509,475,126,153,82.4,56,79,70.9,2,9,22.2,1,1.3,1.1,-0.3,11,9,6,2,19,Matches
282,Ibrahima Konaté,fr FRA,DF,Liverpool,24-328,1999,16.8,1219,1391,87.6,21571,8616,486,536,90.7,638,682,93.5,77,134,57.5,0,0.4,0.5,-0.4,8,138,8,0,112,Matches
283,Ezri Konsa,eng ENG,DF,Aston Villa,26-177,1997,29.1,1699,1850,91.8,28661,9669,727,767,94.8,867,926,93.6,85,113,75.2,0,0.5,0.9,-0.5,8,126,12,2,123,Matches
284,Cheikhou Kouyaté,sn SEN,MF,Nott'ham Forest,34-118,1989,2.3,47,74,63.5,604,159,32,43,74.4,11,19,57.9,1,2,50,0,0,0,0,1,3,0,0,5,Matches
285,Mateo Kovačić,hr CRO,MF,Manchester City,29-347,1994,12.8,1047,1123,93.2,15193,3180,596,616,96.8,384,411,93.4,33,46,71.7,0,1.5,1.6,-1.5,18,95,13,0,81,Matches
286,Emil Krafth,se SWE,DF,Newcastle Utd,29-259,1994,4.6,198,241,82.2,2948,1106,113,126,89.7,71,84,84.5,9,18,50,0,0.8,0.6,-0.8,7,12,10,6,19,Matches
287,Dejan Kulusevski,se SWE,"FW,MF",Tottenham,23-358,2000,25.8,810,1052,77,11491,3087,518,598,86.6,233,301,77.4,36,63,57.1,3,6.9,5.9,-3.9,57,43,65,15,122,Matches
288,Adam Lallana,eng ENG,MF,Brighton,35-343,1988,8.3,428,481,89,4730,1035,310,335,92.5,74,86,86,7,7,100,1,1.7,1.9,-0.7,14,21,15,1,38,Matches
289,Tariq Lamptey,gh GHA,"DF,FW",Brighton,23-200,2000,8.5,317,383,82.8,4531,773,182,203,89.7,109,134,81.3,12,21,57.1,3,0.6,0.5,2.4,6,6,7,3,14,Matches
290,Aymeric Laporte,es ESP,DF,Manchester City,29-326,1994,0.1,11,11,100,202,48,4,4,100,7,7,100,0,0,,0,0,0,0,0,0,0,0,0,Matches
291,Yasser Larouci,dz ALG,DF,Sheffield Utd,23-107,2001,5.3,118,169,69.8,1777,632,66,77,85.7,43,57,75.4,5,15,33.3,0,0.3,0,-0.3,2,10,0,0,12,Matches
292,Jamaal Lascelles,eng ENG,DF,Newcastle Utd,30-158,1993,12,669,774,86.4,11616,3694,252,275,91.6,383,421,91,29,61,47.5,0,0.1,0.1,-0.1,2,38,1,0,31,Matches
293,Roméo Lavia,be BEL,MF,Chelsea,20-102,2004,0.4,22,27,81.5,350,51,9,10,90,13,14,92.9,0,1,0,0,0,0,0,0,4,0,0,1,Matches
294,Mario Lemina,ga GAB,MF,Wolves,30-229,1993,28,995,1164,85.5,15512,4018,550,604,91.1,352,407,86.5,68,105,64.8,0,0.8,0.8,-0.8,15,52,5,1,64,Matches
295,Clément Lenglet,fr FRA,DF,Aston Villa,28-305,1995,11.8,759,849,89.4,14313,4800,277,294,94.2,400,426,93.9,75,116,64.7,1,0.8,0.5,0.2,2,32,3,0,50,Matches
296,Bernd Leno,de GER,GK,Fulham,32-044,1992,33,1060,1338,79.2,25696,15721,214,215,99.5,639,642,99.5,205,475,43.2,0,0,0,0,0,20,0,0,0,Matches
297,Jefferson Lerma,co COL,"MF,DF",Crystal Palace,29-175,1994,26.5,999,1229,81.3,15498,5004,541,611,88.5,367,444,82.7,63,111,56.8,1,2.2,2,-1.2,24,108,20,3,105,Matches
298,Rico Lewis,eng ENG,"DF,MF",Manchester City,19-148,2004,8.8,494,540,91.5,6776,1066,321,332,96.7,153,164,93.3,12,19,63.2,0,1.1,1.2,-1.1,13,27,8,0,31,Matches
299,Keane Lewis-Potter,eng ENG,"DF,FW",Brentford,23-055,2001,13.6,244,351,69.5,3608,859,139,175,79.4,80,107,74.8,16,49,32.7,1,1.7,1.8,-0.7,12,10,14,4,29,Matches
300,Victor Lindelöf,se SWE,DF,Manchester Utd,29-275,1994,14.8,826,927,89.1,13195,3696,398,435,91.5,355,385,92.2,48,70,68.6,1,0.3,0.4,0.7,8,62,3,0,40,Matches
Rk,Player,Nation,Pos,Squad,Age,Born,90s,Cmp,Att,Cmp%,TotDist,PrgDist,Cmp,Att,Cmp%,Cmp,Att,Cmp%,Cmp,Att,Cmp%,Ast,xAG,xA,A-xAG,KP,3-Jan,PPA,CrsPA,PrgP,Matches
301,Valentino Livramento,eng ENG,DF,Newcastle Utd,21-157,2002,11.6,496,577,86,7162,2071,308,331,93.1,157,183,85.8,20,39,51.3,0,0.4,0.5,-0.4,7,35,13,3,36,Matches
302,Giovani Lo Celso,ar ARG,MF,Tottenham,28-008,1996,5.3,393,440,89.3,5764,1594,221,236,93.6,130,141,92.2,25,33,75.8,2,1.7,1.6,0.3,14,38,10,1,55,Matches
303,Tom Lockyer,wls WAL,DF,Luton Town,29-136,1994,13,301,422,71.3,6628,3120,81,104,77.9,158,189,83.6,57,113,50.4,1,0.6,0.3,0.4,3,37,4,0,37,Matches
304,Sean Longstaff,eng ENG,MF,Newcastle Utd,26-170,1997,25.1,816,1017,80.2,12515,4143,456,523,87.2,286,349,81.9,51,82,62.2,2,1.8,2.4,0.2,17,65,24,4,115,Matches
305,Max Lowe,eng ENG,"DF,MF",Sheffield Utd,26-342,1997,4.4,62,96,64.6,945,389,39,51,76.5,17,31,54.8,6,10,60,0,0.7,0.1,-0.7,2,6,2,0,9,Matches
306,Douglas Luiz,br BRA,MF,Aston Villa,25-344,1998,29.6,1658,1931,85.9,28908,7392,739,790,93.5,716,804,89.1,159,258,61.6,5,4.8,4.9,0.2,50,134,39,8,162,Matches
307,Saša Lukić,rs SRB,MF,Fulham,27-248,1996,10.4,352,413,85.2,5627,1401,166,188,88.3,158,172,91.9,19,28,67.9,0,0.6,0.4,-0.6,8,26,4,0,33,Matches
308,Ian Maatsen,nl NED,"FW,MF",Chelsea,22-038,2002,2.3,97,138,70.3,1316,400,60,73,82.2,26,46,56.5,4,8,50,0,0.1,0.2,-0.1,2,6,2,1,8,Matches
309,Alexis Mac Allister,ar ARG,MF,Liverpool,25-115,1998,24.1,1431,1654,86.5,22452,6581,737,808,91.2,564,620,91,83,138,60.1,5,2.8,4,2.2,37,132,31,1,177,Matches
310,James Maddison,eng ENG,MF,Tottenham,27-146,1996,19.5,967,1202,80.4,15698,5115,496,539,92,373,456,81.8,74,139,53.2,7,4.5,5.3,2.5,53,111,55,3,185,Matches
311,Noni Madueke,eng ENG,FW,Chelsea,22-038,2002,5.9,218,264,82.6,2723,564,150,165,90.9,53,66,80.3,3,6,50,0,0.6,1,-0.6,8,7,7,1,23,Matches
312,Gabriel Magalhães,br BRA,DF,Arsenal,26-120,1997,28.2,1653,1869,88.4,27712,8999,736,774,95.1,809,875,92.5,91,170,53.5,0,0.7,0.7,-0.7,3,133,6,1,103,Matches
313,Harry Maguire,eng ENG,DF,Manchester Utd,31-043,1993,16.4,791,959,82.5,15086,5778,322,360,89.4,357,411,86.9,97,162,59.9,2,1.2,0.9,0.8,6,70,5,0,65,Matches
314,Kobbie Mainoo,eng ENG,MF,Manchester Utd,18-364,2005,15.9,518,613,84.5,7571,1892,285,323,88.2,182,204,89.2,25,43,58.1,0,0.5,0.9,-0.5,9,28,4,1,45,Matches
315,Orel Mangala,be BEL,MF,Nott'ham Forest,26-030,1998,17.4,570,646,88.2,9021,2312,292,321,91,225,247,91.1,37,47,78.7,0,0.2,0.3,-0.2,6,39,1,0,45,Matches
316,Benson Manuel,be BEL,"MF,FW",Burnley,27-020,1997,1.1,43,53,81.1,592,99,26,26,100,13,18,72.2,2,3,66.7,0,0,0.2,0,1,0,2,2,0,Matches
317,Solly March,eng ENG,"FW,DF",Brighton,29-272,1994,6.2,203,261,77.8,3145,899,118,139,84.9,62,78,79.5,17,27,63,1,1,1,0,7,10,7,0,24,Matches
318,Anthony Martial,fr FRA,FW,Manchester Utd,28-134,1995,5,109,139,78.4,1267,263,70,80,87.5,25,33,75.8,1,2,50,0,0.2,0.2,-0.2,6,6,2,0,12,Matches
319,Gabriel Martinelli,br BRA,FW,Arsenal,22-304,2001,20.3,660,848,77.8,10110,1835,377,436,86.5,226,281,80.4,41,78,52.6,4,5.4,4.7,-1.4,40,22,31,6,59,Matches
320,Emiliano Martínez,ar ARG,GK,Aston Villa,31-228,1992,31,1096,1316,83.3,25687,15064,228,230,99.1,660,667,99,204,407,50.1,0,0,0,0,2,19,0,0,2,Matches
321,Lisandro Martínez,ar ARG,DF,Manchester Utd,26-090,1998,6.4,374,405,92.3,6364,1970,164,169,97,179,188,95.2,25,39,64.1,1,0.1,0.1,0.9,3,28,1,0,28,Matches
322,Han-Noah Massengo,fr FRA,"MF,DF",Burnley,22-285,2001,0.2,6,12,50,74,42,5,7,71.4,1,4,25,0,0,,0,0,0,0,0,1,0,0,0,Matches
323,Pape Matar Sarr,sn SEN,MF,Tottenham,21-216,2002,18.4,943,1098,85.9,13733,3425,529,577,91.7,322,370,87,42,64,65.6,3,2,1.7,1,17,96,14,1,120,Matches
324,Jean-Philippe Mateta,fr FRA,FW,Crystal Palace,26-294,1997,20.5,247,353,70,3246,640,154,199,77.4,63,93,67.7,9,10,90,4,2.5,1.1,1.5,25,8,12,3,20,Matches
325,Joël Matip,cm CMR,DF,Liverpool,32-253,1991,8.7,494,564,87.6,8687,3066,198,216,91.7,257,287,89.5,33,47,70.2,0,0.1,0.1,-0.1,2,27,2,0,34,Matches
Rk,Player,Nation,Pos,Squad,Age,Born,90s,Cmp,Att,Cmp%,TotDist,PrgDist,Cmp,Att,Cmp%,Cmp,Att,Cmp%,Cmp,Att,Cmp%,Ast,xAG,xA,A-xAG,KP,3-Jan,PPA,CrsPA,PrgP,Matches
326,Alex Matos,eng ENG,MF,Chelsea,19-197,2004,0,0,0,,0,0,0,0,,0,0,,0,0,,0,0,0,0,0,0,0,0,0,Matches
327,Remi Matthews,eng ENG,GK,Crystal Palace,30-067,1994,0,0,5,0,0,0,0,0,,0,0,,0,5,0,0,0,0,0,0,0,0,0,0,Matches
328,Neal Maupay,fr FRA,FW,Brentford,27-247,1996,14.4,272,381,71.4,3854,889,165,200,82.5,65,96,67.7,21,30,70,3,2.3,2.2,0.7,15,15,17,2,36,Matches
329,Neal Maupay,fr FRA,FW,Everton,27-247,1996,1.2,22,26,84.6,353,14,12,13,92.3,8,9,88.9,1,1,100,0,0.1,0,-0.1,1,0,0,0,0,Matches
330,Konstantinos Mavropanos,gr GRE,DF,West Ham,26-128,1997,15.7,461,608,75.8,9179,3783,149,173,86.1,254,290,87.6,50,123,40.7,0,0.2,0.1,-0.2,3,29,1,0,38,Matches
331,Bryan Mbeumo,cm CMR,FW,Brentford,24-254,1999,16.8,404,593,68.1,6188,1959,236,284,83.1,113,171,66.1,38,75,50.7,3,3.3,4.4,-0.3,26,24,29,2,70,Matches
332,James Mcatee,eng ENG,"MF,FW",Sheffield Utd,21-182,2002,18.7,319,469,68,4605,1277,192,241,79.7,93,142,65.5,20,47,42.6,2,2,1.5,0,23,29,24,2,50,Matches
333,James Mcatee,eng ENG,MF,Manchester City,21-182,2002,0,0,0,,0,0,0,0,,0,0,,0,0,,0,0,0,0,0,0,0,0,0,Matches
334,Oliver McBurnie,sct SCO,FW,Sheffield Utd,27-318,1996,13.4,231,392,58.9,2782,745,159,249,63.9,54,92,58.7,3,6,50,3,2,2,1,12,27,5,1,30,Matches
335,James McConnell,eng ENG,MF,Liverpool,19-217,2004,0,5,6,83.3,93,29,2,2,100,3,3,100,0,0,,0,0,0,0,0,0,0,0,1,Matches
336,John McGinn,sct SCO,"MF,FW",Aston Villa,29-182,1994,28.4,847,1068,79.3,15671,5134,379,432,87.7,343,403,85.1,115,187,61.5,4,4.3,4.6,-0.3,41,108,47,13,170,Matches
337,Scott McKenna,sct SCO,DF,Nott'ham Forest,27-157,1996,4.6,137,186,73.7,2769,1280,38,48,79.2,82,109,75.2,17,28,60.7,0,0.2,0.2,-0.2,3,10,3,0,10,Matches
338,Dwight McNeil,eng ENG,"MF,FW",Everton,24-147,1999,26.4,697,1023,68.1,11737,3883,373,427,87.4,211,305,69.2,89,202,44.1,5,7.7,6.6,-2.7,55,61,43,17,99,Matches
339,Scott McTominay,sct SCO,"MF,FW",Manchester Utd,27-131,1996,17.5,433,540,80.2,6588,1706,241,281,85.8,150,180,83.3,28,38,73.7,1,0.7,0.5,0.3,8,54,9,0,54,Matches
340,Ben Mee,eng ENG,DF,Brentford,34-209,1989,14.1,511,667,76.6,9030,3658,218,249,87.6,235,285,82.5,49,103,47.6,0,0.3,0.7,-0.3,6,45,4,2,49,Matches
341,Hannibal Mejbri,tn TUN,"MF,FW",Manchester Utd,21-087,2003,1.5,31,38,81.6,442,143,21,21,100,7,9,77.8,3,6,50,0,0.4,0.5,-0.4,2,6,1,0,6,Matches
342,Teden Mengi,eng ENG,DF,Luton Town,21-353,2002,23.3,604,787,76.7,11716,4540,222,259,85.7,304,349,87.1,68,150,45.3,0,0.2,0.5,-0.2,5,51,4,0,48,Matches
343,Chris Mepham,wls WAL,DF,Bournemouth,26-164,1997,6.9,296,359,82.5,5965,1994,96,115,83.5,163,184,88.6,35,55,63.6,1,0.4,0.5,0.6,3,34,4,0,25,Matches
344,Lewis Miley,eng ENG,MF,Newcastle Utd,17-352,2006,13.4,441,535,82.4,6580,1615,255,296,86.1,143,165,86.7,24,40,60,3,1.7,1.4,1.3,12,26,12,2,53,Matches
345,James Milner,eng ENG,"DF,MF",Brighton,38-104,1986,8.6,492,585,84.1,7622,2496,269,297,90.6,181,210,86.2,27,46,58.7,2,1.8,1.7,0.2,16,46,17,6,69,Matches
346,Tyrone Mings,eng ENG,DF,Aston Villa,31-035,1993,0.3,5,5,100,119,86,0,0,,2,2,100,2,2,100,0,0,0.2,0,1,1,0,0,0,Matches
347,Tyrick Mitchell,eng ENG,"DF,MF",Crystal Palace,24-229,1999,29.9,973,1355,71.8,15498,6811,492,589,83.5,412,550,74.9,51,121,42.1,3,2.3,1.8,0.7,18,67,21,8,79,Matches
348,Kaoru Mitoma,jp JPN,FW,Brighton,26-333,1997,16.5,509,650,78.3,6210,1486,357,413,86.4,110,153,71.9,9,24,37.5,4,2.7,3.6,1.3,25,23,34,5,64,Matches
349,Aleksandar Mitrović,rs SRB,FW,Fulham,29-214,1994,0.4,4,8,50,78,24,1,3,33.3,2,4,50,1,1,100,0,0,0,0,0,1,1,0,1,Matches
350,Jakub Moder,pl POL,MF,Brighton,25-010,1999,5,158,204,77.5,2043,605,104,113,92,43,61,70.5,3,8,37.5,0,0.2,0.4,-0.2,3,11,2,0,18,Matches
Rk,Player,Nation,Pos,Squad,Age,Born,90s,Cmp,Att,Cmp%,TotDist,PrgDist,Cmp,Att,Cmp%,Cmp,Att,Cmp%,Cmp,Att,Cmp%,Ast,xAG,xA,A-xAG,KP,3-Jan,PPA,CrsPA,PrgP,Matches
351,Kudus Mohammed,gh GHA,"FW,MF",West Ham,23-259,2000,22.7,575,747,77,9620,1586,299,335,89.3,200,246,81.3,60,94,63.8,4,3,3,1,24,30,26,15,73,Matches
352,Gonzalo Montiel,ar ARG,DF,Nott'ham Forest,27-107,1997,5.6,209,272,76.8,3331,1396,109,120,90.8,82,112,73.2,13,30,43.3,2,0.6,0.3,1.4,5,19,6,0,20,Matches
353,Kieffer Moore,wls WAL,"FW,MF",Bournemouth,31-253,1992,1.2,28,42,66.7,272,91,22,29,75.9,4,8,50,0,0,,0,0.2,0.3,-0.2,2,2,2,0,4,Matches
354,Álex Moreno,es ESP,DF,Aston Villa,30-314,1993,11.4,426,539,79,6423,1584,234,263,89,171,210,81.4,16,29,55.2,0,1.1,1,-1.1,11,10,13,2,23,Matches
355,Carlton Morris,eng ENG,"FW,MF",Luton Town,28-123,1995,26.8,404,636,63.5,5274,958,258,349,73.9,107,174,61.5,16,26,61.5,4,2.8,1.4,1.2,21,25,10,0,48,Matches
356,Mason Mount,eng ENG,"MF,FW",Manchester Utd,25-098,1999,4.8,154,188,81.9,2010,618,97,110,88.2,33,41,80.5,9,15,60,0,0.2,0.3,-0.2,5,14,5,1,16,Matches
357,Divin Mubama,eng ENG,FW,West Ham,19-175,2004,0.9,16,22,72.7,200,15,12,16,75,2,3,66.7,1,1,100,0,0,0,0,0,0,0,0,0,Matches
358,Mykhailo Mudryk,ua UKR,"FW,MF",Chelsea,23-103,2001,12.9,291,435,66.9,4065,1304,187,233,80.3,62,103,60.2,22,52,42.3,2,3.1,2.7,-1.1,22,18,18,4,33,Matches
359,Rodrigo Muniz,br BRA,FW,Fulham,22-349,2001,14.3,117,190,61.6,1682,427,67,100,67,33,55,60,9,11,81.8,1,2,0.9,-1,17,10,6,0,16,Matches
360,Daniel Muñoz,co COL,"DF,MF",Crystal Palace,27-327,1996,10,277,377,73.5,3765,1448,177,207,85.5,87,128,68,7,24,29.2,1,0.5,0.4,0.5,7,9,2,0,16,Matches
361,Arijanet Muric,xk KVX,GK,Burnley,25-162,1998,5,205,293,70,5952,4271,35,35,100,92,95,96.8,77,156,49.4,0,0,0,0,1,9,0,0,1,Matches
362,Murillo,br BRA,DF,Nott'ham Forest,21-288,2002,26.2,967,1250,77.4,19669,8998,333,375,88.8,497,568,87.5,128,275,46.5,2,1.2,0.6,0.8,6,89,10,0,80,Matches
363,Alex Murphy,ie IRL,"FW,DF",Newcastle Utd,19-297,2004,0,4,4,100,81,8,2,2,100,1,1,100,1,1,100,0,0,0,0,0,1,0,0,0,Matches
364,Jacob Murphy,eng ENG,"FW,DF",Newcastle Utd,29-053,1995,8.9,212,324,65.4,3325,1365,123,153,80.4,70,106,66,16,46,34.8,3,2.6,1.6,0.4,17,22,18,4,36,Matches
365,Vitaliy Mykolenko,ua UKR,DF,Everton,24-324,1999,25.9,826,1105,74.8,12845,5367,462,519,89,266,353,75.4,75,157,47.8,0,0.9,1.1,-0.9,13,44,17,10,55,Matches
366,Marvelous Nakamba,zw ZIM,MF,Luton Town,30-089,1994,12.6,356,423,84.2,5622,1605,184,203,90.6,126,143,88.1,27,42,64.3,0,0.4,0.5,-0.4,7,27,2,1,36,Matches
367,Michael Ndiweni,eng ENG,FW,Newcastle Utd,20-137,2003,0,1,2,50,16,15,0,0,,1,1,100,0,0,,0,0,0,0,0,0,0,0,0,Matches
368,Reiss Nelson,eng ENG,FW,Arsenal,24-129,1999,3,127,144,88.2,1674,298,80,83,96.4,31,36,86.1,6,12,50,0,0.6,0.4,-0.6,5,1,6,2,5,Matches
369,Zack Nelson,eng ENG,"MF,DF",Luton Town,19-206,2004,0.1,4,4,100,41,0,2,2,100,1,1,100,0,0,,0,0,0,0,0,0,0,0,0,Matches
370,Neto,br BRA,GK,Bournemouth,34-273,1989,30,647,1008,64.2,19046,14166,89,91,97.8,335,345,97.1,222,565,39.3,0,0,0,0,0,22,0,0,0,Matches
371,Pedro Neto,pt POR,"FW,MF",Wolves,24-039,2000,16.7,532,714,74.5,8219,1968,304,348,87.4,153,209,73.2,49,98,50,9,4.4,3.7,4.6,38,23,29,12,54,Matches
372,Moussa Niakhate,sn SEN,DF,Nott'ham Forest,28-040,1996,12.9,473,604,78.3,8854,3164,176,188,93.6,243,307,79.2,50,95,52.6,0,0.1,0.2,-0.1,3,25,5,1,30,Matches
373,Eddie Nketiah,eng ENG,FW,Arsenal,24-323,1999,12,168,215,78.1,2332,267,98,118,83.1,60,72,83.3,3,4,75,2,0.8,0.7,1.2,9,7,5,0,20,Matches
374,Christopher Nkunku,fr FRA,"FW,MF",Chelsea,26-155,1997,3.5,87,99,87.9,1045,238,59,62,95.2,15,18,83.3,2,3,66.7,0,0.1,0.3,-0.1,2,4,5,0,9,Matches
375,Rhys Norrington-Davies,wls WAL,DF,Sheffield Utd,24-361,1999,1.2,48,67,71.6,811,222,23,25,92,23,31,74.2,2,7,28.6,0,0,0,0,1,1,0,0,2,Matches
Rk,Player,Nation,Pos,Squad,Age,Born,90s,Cmp,Att,Cmp%,TotDist,PrgDist,Cmp,Att,Cmp%,Cmp,Att,Cmp%,Cmp,Att,Cmp%,Ast,xAG,xA,A-xAG,KP,3-Jan,PPA,CrsPA,PrgP,Matches
376,Oliver Norwood,nir NIR,MF,Sheffield Utd,33-005,1991,15.7,610,877,69.6,11803,4530,237,285,83.2,250,307,81.4,102,244,41.8,0,0.6,1.2,-0.6,15,63,11,2,69,Matches
377,Matheus Nunes,pt POR,MF,Wolves,25-234,1998,2,87,106,82.1,1077,279,59,68,86.8,23,26,88.5,2,6,33.3,0,0.1,0.2,-0.1,3,6,1,0,8,Matches
378,Matheus Nunes,pt POR,MF,Manchester City,25-234,1998,7,339,407,83.3,4583,739,210,231,90.9,104,122,85.2,11,22,50,2,1.1,1.4,0.9,9,19,14,2,32,Matches
379,Darwin Núñez,uy URU,FW,Liverpool,24-298,1999,20.8,320,460,69.6,4446,960,184,234,78.6,98,142,69,18,33,54.5,8,5.6,4.3,2.4,30,21,25,0,52,Matches
380,Ethan Nwaneri,eng ENG,FW,Arsenal,17-027,2007,0.2,15,18,83.3,209,56,10,13,76.9,5,5,100,0,0,,0,0,0,0,1,1,2,0,2,Matches
381,Christian Nørgaard,dk DEN,MF,Brentford,30-038,1994,24.2,1008,1281,78.7,16337,5397,525,601,87.4,394,488,80.7,71,131,54.2,1,1.7,2.1,-0.7,21,102,24,3,146,Matches
382,Mark O'Mahony,ie IRL,FW,Brighton,19-094,2005,0,,,,,,,,,,,,,,,0,,,,,,,,,Matches
383,Dara O'Shea,ie IRL,DF,Burnley,25-044,1999,27.1,1177,1483,79.4,23457,8626,388,465,83.4,634,715,88.7,144,260,55.4,4,1.9,0.8,2.1,12,116,4,2,106,Matches
384,Michael Obafemi,ie IRL,"FW,MF",Burnley,23-286,2000,0.2,4,5,80,55,2,3,3,100,1,1,100,0,0,,0,0,0,0,0,0,0,0,0,Matches
385,Wilson Odobert,fr FRA,"MF,FW",Burnley,19-141,2004,18.4,319,418,76.3,4306,1103,209,245,85.3,92,117,78.6,9,17,52.9,2,2.8,3.2,-0.8,26,22,16,4,43,Matches
386,Chiedozie Ogbene,ie IRL,"MF,DF",Luton Town,26-352,1997,21.1,561,749,74.9,7696,2171,355,396,89.6,162,220,73.6,19,52,36.5,1,3.1,3.5,-2.1,24,20,18,5,47,Matches
387,Angelo Ogbonna,it ITA,DF,West Ham,35-330,1988,3.6,78,89,87.6,1521,477,24,25,96,45,46,97.8,7,15,46.7,0,0,0,0,0,4,0,0,3,Matches
388,Michael Olakigbe,eng ENG,"DF,FW",Brentford,19-358,2004,0.7,27,40,67.5,347,74,17,20,85,7,10,70,1,5,20,0,0,0,0,0,2,1,0,4,Matches
389,Michael Olise,fr FRA,"FW,MF",Crystal Palace,22-127,2001,9.3,335,471,71.1,5497,1674,187,217,86.2,95,127,74.8,39,86,45.3,3,3.5,3,-0.5,25,31,19,3,43,Matches
390,Robin Olsen,se SWE,GK,Aston Villa,34-100,1990,2,63,83,75.9,1355,717,21,21,100,33,33,100,9,29,31,0,0,0,0,0,1,0,0,0,Matches
391,Andrew Omobamidele,ie IRL,DF,Nott'ham Forest,21-299,2002,8.5,264,301,87.7,5052,1449,77,89,86.5,168,183,91.8,16,24,66.7,0,0.1,0,-0.1,2,8,0,0,8,Matches
392,Amadou Onana,be BEL,MF,Everton,22-245,2001,20.5,775,921,84.1,12925,3648,402,450,89.3,274,316,86.7,76,104,73.1,0,2.7,1.3,-2.7,18,92,13,1,101,Matches
393,André Onana,cm CMR,GK,Manchester Utd,28-015,1996,32,918,1267,72.5,22816,15519,226,227,99.6,455,465,97.8,228,559,40.8,0,0.1,0.1,-0.1,3,30,2,0,5,Matches
394,Ryan One,sct SCO,FW,Sheffield Utd,17-296,2006,0.1,1,1,100,7,0,1,1,100,0,0,,0,0,,0,0,0,0,0,0,0,0,0,Matches
395,Tyler Onyango,eng ENG,MF,Everton,21-044,2003,0,0,0,,0,0,0,0,,0,0,,0,0,,0,0,0,0,0,0,0,0,0,Matches
396,Fred Onyedinma,eng ENG,"DF,MF",Luton Town,27-145,1996,2.3,41,68,60.3,650,107,19,26,73.1,18,31,58.1,2,4,50,0,0.1,0.1,-0.1,1,2,1,1,1,Matches
397,Frank Onyeka,ng NGA,MF,Brentford,26-107,1998,12.8,290,384,75.5,4534,1105,154,176,87.5,110,146,75.3,18,35,51.4,2,1.8,1.4,0.2,11,23,10,4,33,Matches
398,Divock Origi,be BEL,FW,Nott'ham Forest,28-365,1995,6.6,90,142,63.4,1326,327,58,81,71.6,18,31,58.1,9,13,69.2,1,2.1,0.8,-1.1,7,7,5,1,14,Matches
399,Stefan Ortega,de GER,GK,Manchester City,31-163,1992,5.3,172,214,80.4,3905,2806,49,49,100,87,89,97.8,35,74,47.3,0,0,0,0,0,1,0,0,0,Matches
400,Ben Osborn,eng ENG,"DF,MF",Sheffield Utd,29-256,1994,11.1,278,385,72.2,4360,1565,156,179,87.2,86,117,73.5,24,61,39.3,1,0.4,0.6,0.6,8,18,8,6,38,Matches
Rk,Player,Nation,Pos,Squad,Age,Born,90s,Cmp,Att,Cmp%,TotDist,PrgDist,Cmp,Att,Cmp%,Cmp,Att,Cmp%,Cmp,Att,Cmp%,Ast,xAG,xA,A-xAG,KP,3-Jan,PPA,CrsPA,PrgP,Matches
401,Gabriel Osho,ng NGA,DF,Luton Town,25-247,1998,15.5,420,521,80.6,7824,2781,140,160,87.5,255,288,88.5,24,62,38.7,0,0.1,0.1,-0.1,1,17,1,0,25,Matches
402,William Osula,dk DEN,FW,Sheffield Utd,20-257,2003,8.4,42,86,48.8,508,88,28,51,54.9,6,18,33.3,2,5,40,0,0.1,0.1,-0.1,1,3,2,1,2,Matches
403,Dango Ouattara,bf BFA,"FW,DF",Bournemouth,22-066,2002,9.5,291,436,66.7,4693,1459,148,202,73.3,117,158,74.1,19,42,45.2,1,1.2,1.2,-0.2,14,20,8,4,29,Matches
404,David Ozoh,eng ENG,"MF,DF",Crystal Palace,18-322,2005,1.7,48,51,94.1,695,112,21,22,95.5,25,25,100,0,0,,0,0,0,0,0,3,0,0,4,Matches
405,João Palhinha,pt POR,MF,Fulham,28-283,1995,25.5,910,1106,82.3,15849,4369,441,494,89.3,361,407,88.7,89,138,64.5,1,0.4,0.7,0.6,10,82,4,1,78,Matches
406,Cole Palmer,eng ENG,MF,Manchester City,21-347,2002,0.1,4,5,80,51,0,2,2,100,2,3,66.7,0,0,,0,0,0,0,0,0,0,0,0,Matches
407,Cole Palmer,eng ENG,"FW,MF",Chelsea,21-347,2002,23,909,1144,79.5,15096,4510,461,512,90,329,385,85.5,83,145,57.2,9,8.2,6.6,0.8,52,112,58,4,154,Matches
408,Emerson Palmieri,it ITA,DF,West Ham,29-258,1994,30.2,1256,1539,81.6,16908,6731,804,889,90.4,353,443,79.7,42,79,53.2,2,2.3,1.9,-0.3,22,78,21,7,112,Matches
409,Lucas Paquetá,br BRA,"FW,MF",West Ham,26-234,1997,24.4,934,1264,73.9,14232,5045,518,618,83.8,286,374,76.5,82,145,56.6,6,4.9,4.5,1.1,38,128,45,7,166,Matches
410,Ben Parkinson,eng ENG,FW,Newcastle Utd,19-038,2005,0.3,1,3,33.3,15,0,0,1,0,1,2,50,0,0,,0,0,0,0,0,0,0,0,0,Matches
411,Thomas Partey,gh GHA,"DF,MF",Arsenal,30-309,1993,4.1,334,370,90.3,5301,1510,175,186,94.1,127,140,90.7,23,33,69.7,0,0.1,0.3,-0.1,3,31,9,2,40,Matches
412,Nathan Patterson,sct SCO,DF,Everton,22-184,2001,11.2,393,550,71.5,6185,2761,219,252,86.9,124,182,68.1,38,86,44.2,2,1.7,1,0.3,8,30,14,6,38,Matches
413,Myles Peart-Harris,eng ENG,"DF,MF",Brentford,21-212,2002,0.1,6,10,60,68,10,5,5,100,1,2,50,0,2,0,0,0,0,0,1,1,0,0,1,Matches
414,Sydie Peck,eng ENG,MF,Sheffield Utd,19-217,2004,0.1,1,1,100,10,0,1,1,100,0,0,,0,0,,0,0,0,0,0,0,0,0,0,Matches
415,Facundo Pellistri,uy URU,"FW,MF",Manchester Utd,22-119,2001,1.9,60,79,75.9,675,146,47,53,88.7,11,17,64.7,0,0,,1,0.1,0.4,0.9,1,4,2,0,6,Matches
416,Andreas Pereira,br BRA,MF,Fulham,28-107,1996,25.5,820,1153,71.1,14639,4819,396,455,87,274,352,77.8,122,257,47.5,7,6.7,5.1,0.3,80,89,32,10,123,Matches
417,Ivan Perišić,hr CRO,FW,Tottenham,35-075,1989,1.1,53,76,69.7,828,363,31,39,79.5,14,22,63.6,7,13,53.8,1,0.9,0.7,0.1,5,4,6,2,9,Matches
418,Đorđe Petrović,rs SRB,GK,Chelsea,24-192,1999,15.1,425,550,77.3,9926,6183,123,123,100,212,215,98.6,88,208,42.3,0,0,0,0,0,2,0,0,1,Matches
419,Kalvin Phillips,eng ENG,MF,West Ham,28-137,1995,3.3,129,164,78.7,2312,505,57,68,83.8,58,70,82.9,11,19,57.9,0,0,0,0,0,22,0,0,17,Matches
420,Kalvin Phillips,eng ENG,MF,Manchester City,28-137,1995,1,62,70,88.6,1067,300,31,32,96.9,24,26,92.3,7,10,70,0,0,0.1,0,0,8,1,1,7,Matches
421,Jaden Philogene Bidace,eng ENG,FW,Aston Villa,22-069,2002,0,3,4,75,27,5,3,3,100,0,0,,0,0,,0,0,0,0,0,0,0,0,0,Matches
422,Jordan Pickford,eng ENG,GK,Everton,30-041,1994,32,849,1320,64.3,28592,22851,123,124,99.2,322,333,96.7,401,853,47,0,0.1,0.4,-0.1,4,83,8,0,5,Matches
423,Ethan Pinnock,jm JAM,DF,Brentford,30-324,1993,23,1009,1210,83.4,19115,6407,333,390,85.4,570,620,91.9,85,154,55.2,0,1,0.7,-1,4,69,4,0,54,Matches
424,Nick Pope,eng ENG,GK,Newcastle Utd,31-364,1992,13.9,289,367,78.7,7287,4347,55,56,98.2,162,165,98.2,71,144,49.3,0,0,0,0,0,5,0,0,0,Matches
425,Pedro Porro,es ESP,DF,Tottenham,24-217,1999,28.5,1468,1931,76,22209,8518,868,958,90.6,471,612,77,98,245,40,7,6.4,5.2,0.6,45,99,38,9,145,Matches
Rk,Player,Nation,Pos,Squad,Age,Born,90s,Cmp,Att,Cmp%,TotDist,PrgDist,Cmp,Att,Cmp%,Cmp,Att,Cmp%,Cmp,Att,Cmp%,Ast,xAG,xA,A-xAG,KP,3-Jan,PPA,CrsPA,PrgP,Matches
426,Jarell Quansah,eng ENG,DF,Liverpool,21-079,2003,7.9,668,759,88,12038,3911,223,241,92.5,398,422,94.3,36,74,48.6,0,0,0.1,0,1,35,0,0,45,Matches
427,Ionuț Radu,ro ROU,GK,Bournemouth,26-325,1997,2,56,68,82.4,1211,583,19,19,100,29,30,96.7,8,19,42.1,0,0,0,0,0,0,0,0,0,Matches
428,Jesurun Rak Sakyi,eng ENG,"MF,FW",Crystal Palace,21-195,2002,1.5,37,50,74,535,79,24,28,85.7,11,16,68.8,2,3,66.7,0,0.2,0.1,-0.2,2,2,0,0,2,Matches
429,Aaron Ramsdale,eng ENG,GK,Arsenal,25-339,1998,6,131,188,69.7,3303,2420,38,38,100,61,62,98.4,32,86,37.2,0,0,0,0,0,4,0,0,2,Matches
430,Aaron Ramsey,eng ENG,"MF,FW",Burnley,21-087,2003,5.9,118,151,78.1,1856,224,71,84,84.5,37,46,80.4,9,10,90,0,0.4,0.5,-0.4,1,7,2,0,8,Matches
431,Jacob Ramsey,eng ENG,"FW,MF",Aston Villa,22-325,2001,9.5,257,322,79.8,3751,863,143,173,82.7,97,115,84.3,9,12,75,1,1,1.4,0,10,22,5,0,28,Matches
432,Marcus Rashford,eng ENG,FW,Manchester Utd,26-169,1997,25,547,729,75,7470,1976,342,409,83.6,138,191,72.3,31,58,53.4,2,2.3,2.8,-0.3,23,33,30,1,63,Matches
433,David Raya,es ESP,GK,Arsenal,28-215,1995,26,662,883,75,15751,11181,199,200,99.5,323,325,99.4,138,352,39.2,0,0,0.1,0,0,25,0,0,2,Matches
434,Tim Ream,us USA,DF,Fulham,36-195,1987,15.7,898,1010,88.9,17990,6481,293,316,92.7,488,531,91.9,106,139,76.3,0,0,0.1,0,0,76,1,0,65,Matches
435,Nathan Redmond,eng ENG,"FW,MF",Burnley,30-042,1994,1.6,48,73,65.8,723,137,30,36,83.3,11,19,57.9,4,9,44.4,0,0.3,0.4,-0.3,3,3,4,1,8,Matches
436,Harrison Reed,eng ENG,MF,Fulham,29-081,1995,13,561,666,84.2,8762,2053,268,297,90.2,241,273,88.3,32,48,66.7,1,1,1.4,0,12,36,13,2,50,Matches
437,Sergio Reguilón,es ESP,DF,Manchester Utd,27-123,1996,4.6,244,314,77.7,3669,1356,137,157,87.3,84,111,75.7,16,26,61.5,0,0.7,0.6,-0.7,8,20,4,2,27,Matches
438,Sergio Reguilón,es ESP,DF,Brentford,27-123,1996,7.8,171,277,61.7,2837,1236,83,107,77.6,64,98,65.3,17,42,40.5,3,2,1.6,1,11,7,11,10,14,Matches
439,Bobby Reid,jm JAM,FW,Fulham,31-075,1993,13.5,324,436,74.3,4543,1264,189,214,88.3,100,141,70.9,14,33,42.4,2,1.8,1,0.2,15,22,15,4,40,Matches
440,Gio Reyna,us USA,"MF,FW",Nott'ham Forest,21-156,2002,1.8,87,100,87,1309,231,51,54,94.4,29,32,90.6,5,7,71.4,1,0.4,0.3,0.6,4,3,1,0,7,Matches
441,Rodrigo Ribeiro,pt POR,"FW,MF",Nott'ham Forest,18-355,2005,0,4,4,100,58,25,2,2,100,2,2,100,0,0,,0,0,0,0,0,1,0,0,1,Matches
442,Declan Rice,eng ENG,MF,Arsenal,25-094,1999,29.8,1801,2015,89.4,30442,8328,826,887,93.1,818,870,94,123,188,65.4,5,3.9,3.7,1.1,33,214,28,2,243,Matches
443,Chris Richards,us USA,"DF,MF",Crystal Palace,24-020,2000,17.3,502,617,81.4,8640,2547,228,266,85.7,223,257,86.8,42,66,63.6,0,0.2,0.2,-0.2,3,27,1,0,27,Matches
444,Richarlison,br BRA,FW,Tottenham,26-343,1997,15.2,246,364,67.6,3509,878,141,176,80.1,79,112,70.5,10,15,66.7,3,1.8,1.2,1.2,14,17,12,1,34,Matches
445,Jaïro Riedewald,nl NED,"MF,FW",Crystal Palace,27-221,1996,2.1,48,67,71.6,779,159,24,27,88.9,21,26,80.8,2,9,22.2,0,0,0,0,0,1,1,0,4,Matches
446,Matt Ritchie,sct SCO,"FW,MF",Newcastle Utd,34-220,1989,1.2,51,68,75,673,176,33,37,89.2,15,19,78.9,2,7,28.6,0,0,0,0,0,4,2,0,7,Matches
447,Connor Roberts,wls WAL,DF,Burnley,28-207,1995,9.1,395,495,79.8,6987,2370,162,182,89,194,222,87.4,34,67,50.7,1,0.2,0.4,0.8,7,32,8,2,38,Matches
448,Andrew Robertson,sct SCO,DF,Liverpool,30-037,1994,14.2,926,1148,80.7,15804,5211,456,490,93.1,368,437,84.2,90,175,51.4,2,3.9,2.8,-1.9,44,83,15,9,93,Matches
449,Antonee Robinson,us USA,DF,Fulham,26-253,1997,31.4,1322,1787,74,23682,8271,598,715,83.6,544,683,79.6,156,288,54.2,6,4.1,3.6,1.9,32,101,41,22,115,Matches
450,Jack Robinson,eng ENG,DF,Sheffield Utd,30-229,1993,28.8,764,1070,71.4,14909,6656,274,313,87.5,380,471,80.7,99,243,40.7,1,1.1,0.7,-0.1,10,53,5,3,49,Matches
Rk,Player,Nation,Pos,Squad,Age,Born,90s,Cmp,Att,Cmp%,TotDist,PrgDist,Cmp,Att,Cmp%,Cmp,Att,Cmp%,Cmp,Att,Cmp%,Ast,xAG,xA,A-xAG,KP,3-Jan,PPA,CrsPA,PrgP,Matches
451,Rodri,es ESP,MF,Manchester City,27-300,1996,26.7,2734,2981,91.7,47183,13037,1330,1413,94.1,1060,1135,93.4,287,338,84.9,7,3,5.1,4,40,313,55,0,314,Matches
452,Jay Rodriguez,eng ENG,FW,Burnley,34-263,1989,9,136,208,65.4,1871,386,84,114,73.7,36,52,69.2,8,25,32,1,0.2,0.1,0.8,4,15,2,0,17,Matches
453,Mads Roerslev,dk DEN,DF,Brentford,24-298,1999,20.3,427,653,65.4,7423,2682,200,258,77.5,177,265,66.8,43,84,51.2,2,1.7,1.2,0.3,14,24,22,20,38,Matches
454,Morgan Rogers,eng ENG,"MF,FW",Aston Villa,21-266,2002,4.8,105,132,79.5,1571,566,54,68,79.4,35,40,87.5,9,10,90,1,0.4,0.2,0.6,4,12,7,0,20,Matches
455,Cristian Romero,ar ARG,DF,Tottenham,25-356,1998,25,1969,2143,91.9,34291,13340,797,854,93.3,1053,1103,95.5,94,130,72.3,0,0.4,1.4,-0.4,6,159,12,0,153,Matches
456,Joe Rothwell,eng ENG,MF,Bournemouth,29-097,1995,4.3,179,216,82.9,3185,863,65,68,95.6,100,108,92.6,10,30,33.3,0,0.2,0.2,-0.2,4,20,1,0,20,Matches
457,Pelly Ruddock Mpanzu,cd COD,MF,Luton Town,30-275,1993,11.9,258,350,73.7,4254,1052,121,139,87.1,103,134,76.9,16,35,45.7,0,0.4,1.4,-0.4,6,17,13,2,33,Matches
458,José Sá,pt POR,GK,Wolves,31-091,1993,28.7,582,877,66.4,13789,8930,154,157,98.1,290,296,98,127,409,31.1,1,0,0,1,1,7,0,0,0,Matches
459,Bukayo Saka,eng ENG,FW,Arsenal,22-225,2001,27.7,993,1318,75.3,14844,3771,604,682,88.6,293,382,76.7,73,165,44.2,8,8.7,9.7,-0.7,74,32,62,11,107,Matches
460,Mohamed Salah,eg EGY,FW,Liverpool,31-307,1992,23.8,642,871,73.7,9430,2776,376,442,85.1,210,293,71.7,34,56,60.7,9,10.4,6.8,-1.4,60,51,59,5,127,Matches
461,William Saliba,fr FRA,DF,Arsenal,23-024,2001,32,2252,2439,92.3,37504,13693,1013,1073,94.4,1125,1190,94.5,87,127,68.5,1,0.2,0.8,0.8,5,152,5,1,130,Matches
462,Albert Sambi Lokonga,be BEL,MF,Luton Town,24-178,1999,9.7,437,500,87.4,7328,2120,202,220,91.8,165,186,88.7,38,50,76,2,1.3,0.6,0.7,7,51,4,0,47,Matches
463,Davinson Sánchez,co COL,DF,Tottenham,27-310,1996,0.9,68,75,90.7,1045,377,37,38,97.4,27,29,93.1,3,6,50,0,0,0,0,0,13,0,0,2,Matches
464,Robert Sánchez,es ESP,GK,Chelsea,26-151,1997,15.9,500,609,82.1,11860,7720,135,136,99.3,250,257,97.3,112,211,53.1,0,0,0,0,0,8,0,0,1,Matches
465,Jadon Sancho,eng ENG,"FW,MF",Manchester Utd,24-023,2000,0.9,34,43,79.1,446,116,22,25,88,10,14,71.4,1,1,100,0,0.1,0.1,-0.1,1,2,2,0,4,Matches
466,Ibrahim Sangaré,ci CIV,MF,Nott'ham Forest,26-137,1997,11.1,330,415,79.5,5369,1647,173,199,86.9,114,135,84.4,32,50,64,0,0.3,0.4,-0.3,6,33,5,0,42,Matches
467,Andrey Santos,br BRA,MF,Nott'ham Forest,19-350,2004,0.1,6,6,100,90,31,4,4,100,2,2,100,0,0,,0,0,0,0,0,1,0,0,0,Matches
468,Pablo Sarabia,es ESP,"MF,FW",Wolves,31-342,1992,17.8,630,889,70.9,10082,3429,355,412,86.2,172,234,73.5,67,147,45.6,7,5.8,4.7,1.2,50,56,37,6,103,Matches
469,Dane Scarlett,eng ENG,FW,Tottenham,20-024,2004,0,1,2,50,20,16,0,0,,1,2,50,0,0,,0,0,0,0,0,1,0,0,1,Matches
470,Kevin Schade,de GER,"FW,MF",Brentford,22-142,2001,2.9,45,73,61.6,641,180,29,38,76.3,15,25,60,1,2,50,1,0.7,0.7,0.3,4,7,3,2,9,Matches
471,Fabian Schär,ch SUI,DF,Newcastle Utd,32-119,1991,31.1,1632,1966,83,33590,13695,544,601,90.5,830,906,91.6,241,405,59.5,1,0.7,1.4,0.3,10,134,17,3,118,Matches
472,Jeffrey Schlupp,gh GHA,"FW,MF",Crystal Palace,31-116,1992,14.6,230,311,74,3237,864,137,170,80.6,81,98,82.7,6,23,26.1,2,2.2,1.4,-0.2,17,15,8,1,30,Matches
473,Alex Scott,eng ENG,MF,Bournemouth,20-240,2003,8.2,268,357,75.1,4261,1188,136,168,81,103,121,85.1,18,46,39.1,1,0.8,0.7,0.2,13,16,8,1,33,Matches
474,Matz Sels,be BEL,GK,Nott'ham Forest,32-051,1992,11,182,265,68.7,5394,4070,47,47,100,69,70,98.6,65,145,44.8,0,0,0,0,0,10,1,0,0,Matches
475,Nélson Semedo,pt POR,"DF,MF",Wolves,30-153,1993,30,1255,1595,78.7,18063,6074,761,846,90,406,520,78.1,56,134,41.8,1,1.7,1.8,-0.7,23,86,25,10,117,Matches
Rk,Player,Nation,Pos,Squad,Age,Born,90s,Cmp,Att,Cmp%,TotDist,PrgDist,Cmp,Att,Cmp%,Cmp,Att,Cmp%,Cmp,Att,Cmp%,Ast,xAG,xA,A-xAG,KP,3-Jan,PPA,CrsPA,PrgP,Matches
476,Antoine Semenyo,gh GHA,FW,Bournemouth,24-101,2000,18.1,352,498,70.7,5416,1255,197,248,79.4,125,169,74,19,36,52.8,2,2.8,1.5,-0.8,24,21,21,6,51,Matches
477,Marcos Senesi,ar ARG,DF,Bournemouth,26-343,1997,19.5,828,1056,78.4,17885,7570,248,275,90.2,431,481,89.6,144,262,55,4,1,2.1,3,15,122,24,8,100,Matches
478,Luke Shaw,eng ENG,DF,Manchester Utd,28-280,1995,10.7,531,648,81.9,8242,3114,273,306,89.2,201,237,84.8,31,65,47.7,0,1,0.9,-1,13,33,7,0,45,Matches
479,Bernardo Silva,pt POR,"MF,FW",Manchester City,29-251,1994,22.9,1318,1543,85.4,20427,4271,743,795,93.5,451,526,85.7,92,137,67.2,4,6.3,6.4,-2.3,53,87,41,10,150,Matches
480,Fábio Silva,pt POR,FW,Wolves,21-273,2002,2.9,61,76,80.3,779,174,37,43,86,16,18,88.9,1,4,25,0,0.2,0.1,-0.2,4,7,0,0,10,Matches
481,Thiago Silva,br BRA,DF,Chelsea,39-208,1984,24,1805,1911,94.5,32691,12673,714,742,96.2,949,982,96.6,129,165,78.2,0,0.6,0.5,-0.6,6,102,9,0,84,Matches
482,Luis Sinisterra,co COL,"FW,MF",Bournemouth,24-305,1999,7.8,226,292,77.4,3223,747,145,169,85.8,57,66,86.4,13,20,65,2,2.4,1.1,-0.4,20,9,16,1,38,Matches
483,Oliver Skipp,eng ENG,"MF,FW",Tottenham,23-214,2000,6.5,282,309,91.3,4092,1123,165,173,95.4,94,100,94,14,19,73.7,0,0.6,0.3,-0.6,7,35,3,0,32,Matches
484,Adam Smith,eng ENG,DF,Bournemouth,32-354,1991,19.5,667,873,76.4,10995,4546,327,364,89.8,284,348,81.6,48,126,38.1,2,1.2,1.7,0.8,14,50,23,17,79,Matches
485,Emile Smith Rowe,eng ENG,MF,Arsenal,23-264,2000,3.7,174,198,87.9,2283,472,116,130,89.2,52,55,94.5,1,4,25,1,0.2,0.4,0.8,4,13,11,0,22,Matches
486,Cédric Soares,pt POR,DF,Arsenal,32-230,1991,0.7,60,69,87,905,157,39,41,95.1,15,17,88.2,5,8,62.5,0,0,0,0,0,4,0,0,3,Matches
487,Dominic Solanke,eng ENG,FW,Bournemouth,26-216,1997,31.6,350,471,74.3,4454,1188,228,270,84.4,83,114,72.8,10,17,58.8,3,2.7,1.8,0.3,36,26,20,3,52,Matches
488,Manor Solomon,il ISR,FW,Tottenham,24-268,1999,2.2,78,90,86.7,1105,196,45,48,93.8,28,35,80,3,4,75,2,0.8,0.8,1.2,12,3,7,1,11,Matches
489,Tomáš Souček,cz CZE,MF,West Ham,29-050,1995,27.6,611,825,74.1,9462,2902,314,388,80.9,229,296,77.4,39,66,59.1,1,1,0.9,0,13,70,6,1,76,Matches
490,Vinicius Souza,br BRA,MF,Sheffield Utd,24-305,1999,26,664,845,78.6,10670,2753,330,384,85.9,272,328,82.9,40,68,58.8,0,0.2,0.4,-0.2,3,55,4,1,56,Matches
491,Jason Steele,eng ENG,GK,Brighton,33-243,1990,15,506,605,83.6,10946,7450,163,164,99.4,234,239,97.9,102,193,52.8,0,0,0,0,0,3,0,0,0,Matches
492,Raheem Sterling,eng ENG,"FW,MF",Chelsea,29-131,1994,20.6,494,674,73.3,6386,1573,338,398,84.9,119,173,68.8,16,30,53.3,4,4.2,4,-0.2,26,25,35,7,72,Matches
493,John Stones,eng ENG,"DF,MF",Manchester City,29-325,1994,11.6,755,811,93.1,11957,2708,388,411,94.4,310,323,96,41,53,77.4,0,0.2,0.4,-0.2,6,53,1,0,57,Matches
494,Thomas Strakosha,al ALB,GK,Brentford,29-029,1995,1.5,52,71,73.2,1509,977,6,6,100,27,28,96.4,19,37,51.4,0,0,0,0,0,1,0,0,0,Matches
495,Dominik Szoboszlai,hu HUN,MF,Liverpool,23-175,2000,22.3,1211,1468,82.5,19228,4752,657,736,89.3,418,480,87.1,92,162,56.8,2,5.4,4.8,-3.4,51,96,31,6,145,Matches
496,Matt Targett,eng ENG,DF,Newcastle Utd,28-212,1995,0.9,36,41,87.8,657,188,13,13,100,17,18,94.4,6,9,66.7,0,0,0,0,1,2,0,0,2,Matches
497,James Tarkowski,eng ENG,DF,Everton,31-150,1992,32,1032,1345,76.7,21740,9217,344,413,83.3,500,581,86.1,173,300,57.7,1,2.2,2.2,-1.2,19,112,20,3,119,Matches
498,Nuno Tavares,pt POR,DF,Nott'ham Forest,24-082,2000,5.1,201,274,73.4,2954,1132,117,136,86,69,96,71.9,11,28,39.3,0,0.5,0.4,-0.5,2,14,2,0,24,Matches
499,Marcus Tavernier,eng ENG,FW,Bournemouth,25-026,1999,22.6,622,878,70.8,10170,3235,336,397,84.6,214,273,78.4,56,138,40.6,4,4.9,4.1,-0.9,40,44,35,7,82,Matches
500,Charlie Taylor,eng ENG,DF,Burnley,30-212,1993,23.1,898,1189,75.5,14969,4839,474,541,87.6,334,435,76.8,72,154,46.8,1,1,1.6,0,11,63,16,12,75,Matches
Rk,Player,Nation,Pos,Squad,Age,Born,90s,Cmp,Att,Cmp%,TotDist,PrgDist,Cmp,Att,Cmp%,Cmp,Att,Cmp%,Cmp,Att,Cmp%,Ast,xAG,xA,A-xAG,KP,3-Jan,PPA,CrsPA,PrgP,Matches
501,Kenny Tete,nl NED,DF,Fulham,28-191,1995,8.6,373,467,79.9,5747,2176,211,242,87.2,130,162,80.2,25,40,62.5,0,0.4,0.4,-0.4,3,41,8,6,47,Matches
502,Luke Thomas,eng ENG,DF,Sheffield Utd,22-312,2001,10.2,234,319,73.4,3866,1408,115,133,86.5,96,121,79.3,19,44,43.2,0,0.1,0.2,-0.1,2,23,5,2,33,Matches
503,Youri Tielemans,be BEL,"MF,FW",Aston Villa,26-346,1997,16,699,844,82.8,11344,3561,360,396,90.9,278,326,85.3,46,74,62.2,6,2.6,2,3.4,18,89,23,1,119,Matches
504,Jurriën Timber,nl NED,DF,Arsenal,22-305,2001,0.5,44,49,89.8,654,152,21,22,95.5,23,26,88.5,0,0,,0,0,0,0,0,9,0,0,7,Matches
505,Harry Toffolo,eng ENG,DF,Nott'ham Forest,28-242,1995,14.9,391,547,71.5,6490,2735,192,228,84.2,145,199,72.9,40,91,44,3,1.5,1.2,1.5,18,38,10,10,37,Matches
506,Takehiro Tomiyasu,jp JPN,DF,Arsenal,25-164,1998,8,432,522,82.8,6708,1765,225,252,89.3,182,210,86.7,18,41,43.9,1,0.2,0.4,0.8,2,46,8,2,61,Matches
507,James Tomkins,eng ENG,DF,Crystal Palace,35-019,1989,0.1,8,11,72.7,99,29,7,8,87.5,1,3,33.3,0,0,,0,0,0,0,0,0,0,0,0,Matches
508,Sandro Tonali,it ITA,MF,Newcastle Utd,23-345,2000,4.9,241,280,86.1,3776,870,130,141,92.2,94,109,86.2,11,19,57.9,0,0.6,0.5,-0.6,7,16,4,2,19,Matches
509,Ivan Toney,eng ENG,FW,Brentford,28-032,1996,12.1,176,336,52.4,2320,908,101,172,58.7,42,78,53.8,13,22,59.1,1,1.4,1.4,-0.4,10,14,16,5,33,Matches
510,Pau Torres,es ESP,DF,Aston Villa,27-092,1997,23.4,1374,1580,87,25551,8365,456,495,92.1,794,854,93,105,194,54.1,0,0.4,0.7,-0.4,7,133,11,1,120,Matches
511,Andros Townsend,eng ENG,"MF,FW",Luton Town,32-276,1991,12.9,296,421,70.3,5060,1225,142,167,85,109,144,75.7,32,73,43.8,3,1.3,1.8,1.7,18,23,16,12,35,Matches
512,James Trafford,eng ENG,GK,Burnley,21-190,2002,28,1009,1541,65.5,23601,16311,318,323,98.5,451,464,97.2,235,735,32,0,0,0.1,0,0,24,1,0,6,Matches
513,Adama Traoré,es ESP,"FW,MF",Fulham,28-083,1996,2.5,65,92,70.7,1040,353,35,42,83.3,26,36,72.2,4,9,44.4,2,0.5,0.6,1.5,4,2,8,4,12,Matches
514,Bertrand Traoré,bf BFA,"DF,FW",Aston Villa,28-224,1995,0.1,2,3,66.7,15,0,1,1,100,0,0,,0,1,0,0,0,0,0,0,0,0,0,0,Matches
515,Boubacar Traoré,ml MLI,"MF,FW",Wolves,22-241,2001,5,220,265,83,3456,805,118,136,86.8,76,89,85.4,17,23,73.9,0,0.2,0.2,-0.2,3,23,5,2,14,Matches
516,Mike Trésor,be BEL,"FW,MF",Burnley,24-325,1999,4.6,119,178,66.9,1601,457,72,85,84.7,32,52,61.5,4,18,22.2,0,0.4,0.5,-0.4,7,5,2,0,10,Matches
517,Kieran Trippier,eng ENG,DF,Newcastle Utd,33-211,1990,24,1579,2068,76.4,28789,10729,678,764,88.7,708,847,83.6,177,367,48.2,10,7.4,7,2.6,63,110,52,19,151,Matches
518,Leandro Trossard,be BEL,"FW,MF",Arsenal,29-135,1994,13.6,378,526,71.9,5853,1516,200,237,84.4,145,198,73.2,23,48,47.9,1,2.1,2.2,-1.1,20,20,23,4,59,Matches
519,Auston Trusty,us USA,DF,Sheffield Utd,25-249,1998,22.6,500,682,73.3,8699,3287,217,253,85.8,235,311,75.6,38,83,45.8,0,0.6,0.4,-0.6,5,20,4,2,31,Matches
520,Kostas Tsimikas,gr GRE,DF,Liverpool,27-341,1996,7.5,380,493,77.1,6563,1706,182,202,90.1,145,183,79.2,42,82,51.2,3,1,1.3,2,16,16,7,4,31,Matches
521,Matt Turner,us USA,GK,Nott'ham Forest,29-298,1994,17,398,578,68.9,12363,9869,87,87,100,147,151,97.4,162,330,49.1,0,0,0,0,0,10,0,0,0,Matches
522,Destiny Udogie,it ITA,DF,Tottenham,21-141,2002,26.6,1235,1440,85.8,16731,5145,775,844,91.8,400,460,87,19,33,57.6,3,2.2,2,0.8,24,115,13,0,155,Matches
523,Lesley Ugochukwu,fr FRA,MF,Chelsea,20-022,2004,3,141,167,84.4,2263,583,71,80,88.8,59,69,85.5,8,9,88.9,0,0,0.1,0,1,9,4,0,15,Matches
524,Enes Ünal,tr TUR,"FW,MF",Bournemouth,26-343,1997,1.6,33,43,76.7,468,149,21,26,80.8,7,9,77.8,4,5,80,1,0.2,0.1,0.8,2,4,1,0,5,Matches
525,Virgil van Dijk,nl NED,DF,Liverpool,32-284,1991,29.3,2187,2395,91.3,41504,15841,830,886,93.7,1129,1185,95.3,206,275,74.9,2,1.6,1,0.4,10,185,9,0,164,Matches
Rk,Player,Nation,Pos,Squad,Age,Born,90s,Cmp,Att,Cmp%,TotDist,PrgDist,Cmp,Att,Cmp%,Cmp,Att,Cmp%,Cmp,Att,Cmp%,Ast,xAG,xA,A-xAG,KP,3-Jan,PPA,CrsPA,PrgP,Matches
526,Raphaël Varane,fr FRA,DF,Manchester Utd,30-358,1993,15,685,772,88.7,11783,3686,281,300,93.7,343,374,91.7,44,67,65.7,0,0.1,0.6,-0.1,1,59,4,0,58,Matches
527,Alejo Véliz,ar ARG,FW,Tottenham,20-211,2003,0.6,5,10,50,91,5,2,4,50,2,2,100,1,1,100,0,0,0,0,0,0,0,0,1,Matches
528,Joël Veltman,nl NED,DF,Brighton,32-093,1992,15.5,706,839,84.1,11507,3017,347,388,89.4,308,351,87.7,45,76,59.2,1,0.5,0.5,0.5,4,50,4,0,78,Matches
529,Micky van de Ven,nl NED,DF,Tottenham,22-364,2001,20,1349,1417,95.2,23808,7959,529,543,97.4,708,739,95.8,83,99,83.8,0,0,0.3,0,1,92,2,0,81,Matches
530,Bart Verbruggen,nl NED,GK,Brighton,21-243,2002,17,637,719,88.6,12610,8784,258,261,98.9,262,267,98.1,106,177,59.9,0,0,0,0,0,2,0,0,3,Matches
531,Guglielmo Vicario,it ITA,GK,Tottenham,27-193,1996,32,1124,1343,83.7,22181,13217,364,366,99.5,630,647,97.4,122,316,38.6,0,0,0,0,0,5,0,0,1,Matches
532,Fabio Vieira,pt POR,"MF,FW",Arsenal,23-323,2000,3.2,115,143,80.4,1909,385,62,70,88.6,43,52,82.7,9,17,52.9,2,1.4,0.8,0.6,4,12,5,1,14,Matches
533,Carlos Vinícius,br BRA,FW,Fulham,29-023,1995,3.5,46,62,74.2,587,115,28,34,82.4,14,21,66.7,1,1,100,0,0.8,0.1,-0.8,5,1,0,0,3,Matches
534,Vitinho,br BRA,"DF,MF",Burnley,24-269,1999,21.7,627,877,71.5,10046,3223,336,400,84,237,342,69.3,40,74,54.1,0,0.8,1.1,-0.8,8,47,18,3,63,Matches
535,Odisseas Vlachodimos,gr GRE,GK,Nott'ham Forest,29-357,1994,5,141,176,80.1,3965,2847,21,21,100,73,73,100,47,80,58.8,0,0,0,0,1,0,0,0,1,Matches
536,Kyle Walker,eng ENG,DF,Manchester City,33-325,1990,25.1,1759,2003,87.8,30298,6955,794,850,93.4,787,864,91.1,147,217,67.7,2,2.3,3,-0.3,22,170,29,11,139,Matches
537,Aaron Wan-Bissaka,eng ENG,DF,Manchester Utd,26-143,1997,13.8,573,693,82.7,7657,2570,375,422,88.9,167,196,85.2,18,32,56.3,2,1.3,1.1,0.7,8,38,9,1,53,Matches
538,Joel Ward,eng ENG,DF,Crystal Palace,34-171,1989,22,715,942,75.9,11829,5634,358,395,90.6,301,372,80.9,46,133,34.6,1,0.2,0.3,0.8,3,68,7,3,66,Matches
539,James Ward-Prowse,eng ENG,MF,West Ham,29-168,1994,29.7,1219,1472,82.8,20449,6228,611,665,91.9,465,510,91.2,116,237,48.9,7,6.9,5.9,0.1,59,126,20,7,126,Matches
540,Deivid Washington,br BRA,"DF,FW",Chelsea,18-317,2005,0.1,1,1,100,25,0,0,0,,1,1,100,0,0,,0,0,0,0,0,0,0,0,0,Matches
541,Ollie Watkins,eng ENG,FW,Aston Villa,28-109,1995,31,390,523,74.6,4984,841,247,311,79.4,106,143,74.1,8,17,47.1,10,5.5,3.6,4.5,41,19,20,0,50,Matches
542,Adam Webster,eng ENG,DF,Brighton,29-104,1995,8.5,764,836,91.4,12752,4230,335,360,93.1,374,400,93.5,38,52,73.1,0,0.1,0.3,-0.1,4,70,2,0,65,Matches
543,Danny Welbeck,eng ENG,"FW,MF",Brighton,33-143,1990,14.3,336,407,82.6,3875,549,248,283,87.6,69,79,87.3,1,2,50,1,1.5,1.2,-0.5,18,18,11,0,36,Matches
544,Timo Werner,de GER,FW,Tottenham,28-042,1996,8.7,275,357,77,3963,859,160,186,86,105,134,78.4,6,12,50,3,2.7,2.9,0.3,15,9,20,5,41,Matches
545,Adam Wharton,eng ENG,MF,Crystal Palace,19-320,2004,8.9,244,314,77.7,4328,1495,109,126,86.5,100,118,84.7,28,46,60.9,1,1.7,1,-0.7,15,27,6,2,39,Matches
546,Ben White,eng ENG,DF,Arsenal,26-192,1997,27.4,1522,1808,84.2,23353,7854,829,908,91.3,598,692,86.4,70,145,48.3,4,2.9,3,1.1,27,140,36,10,149,Matches
547,Joe White,eng ENG,MF,Newcastle Utd,21-199,2002,0.1,9,10,90,141,29,6,7,85.7,2,2,100,1,1,100,0,0,0,0,0,2,0,0,2,Matches
548,Neco Williams,wls WAL,DF,Nott'ham Forest,23-004,2001,16.8,464,708,65.5,7223,3035,254,295,86.1,167,260,64.2,30,90,33.3,1,1.6,1.6,-0.6,11,38,15,10,44,Matches
549,Willian,br BRA,FW,Fulham,35-252,1988,21.4,891,1084,82.2,15433,3674,434,483,89.9,331,392,84.4,102,146,69.9,2,3.9,4.5,-1.9,44,57,69,9,149,Matches
550,Joe Willock,eng ENG,MF,Newcastle Utd,24-241,1999,4.7,136,164,82.9,2092,658,76,82,92.7,42,55,76.4,12,16,75,0,0.6,0.6,-0.6,7,16,3,1,17,Matches
Rk,Player,Nation,Pos,Squad,Age,Born,90s,Cmp,Att,Cmp%,TotDist,PrgDist,Cmp,Att,Cmp%,Cmp,Att,Cmp%,Cmp,Att,Cmp%,Ast,xAG,xA,A-xAG,KP,3-Jan,PPA,CrsPA,PrgP,Matches
551,Callum Wilson,eng ENG,FW,Newcastle Utd,32-050,1992,9.6,91,139,65.5,1087,139,61,74,82.4,17,30,56.7,3,7,42.9,1,0.5,0.3,0.5,7,3,0,0,6,Matches
552,Harry Wilson,wls WAL,FW,Fulham,27-026,1997,16.5,432,569,75.9,6766,1418,231,268,86.2,137,175,78.3,43,75,57.3,4,3,2.6,1,19,30,25,7,55,Matches
553,Yoane Wissa,cd COD,FW,Brentford,27-227,1996,24.5,279,390,71.5,3628,999,169,214,79,72,104,69.2,13,20,65,1,3,1.7,-2,24,23,12,3,41,Matches
554,Chris Wood,nz NZL,FW,Nott'ham Forest,32-132,1991,15.3,211,328,64.3,2648,656,133,192,69.3,54,84,64.3,7,11,63.6,1,2,1,-1,20,16,2,0,20,Matches
555,Cauley Woodrow,eng ENG,"FW,MF",Luton Town,29-137,1994,4,81,119,68.1,1046,151,53,69,76.8,17,25,68,3,9,33.3,1,1.1,0.8,-0.1,8,2,3,3,4,Matches
556,Joe Worrall,eng ENG,DF,Nott'ham Forest,27-098,1997,4.9,138,164,84.1,2910,1068,25,30,83.3,98,105,93.3,14,27,51.9,0,0.2,0.3,-0.2,2,5,0,0,8,Matches
557,Yehor Yarmoliuk,ua UKR,MF,Brentford,20-047,2004,7,188,262,71.8,2939,737,98,119,82.4,70,92,76.1,10,26,38.5,0,0,0.6,0,2,15,10,1,34,Matches
558,Ryan Yates,eng ENG,MF,Nott'ham Forest,26-148,1997,19.4,581,734,79.2,9260,2372,280,336,83.3,244,286,85.3,32,58,55.2,0,0.4,0.6,-0.4,6,51,8,0,64,Matches
559,Ashley Young,eng ENG,"DF,MF",Everton,38-283,1985,20.1,554,813,68.1,9827,4359,254,290,87.6,227,302,75.2,64,172,37.2,0,1.5,1.4,-1.5,21,43,22,11,65,Matches
560,Illia Zabarnyi,ua UKR,DF,Bournemouth,21-229,2002,32,1279,1580,80.9,26677,9096,335,394,85,775,839,92.4,158,316,50,0,0.3,0.5,-0.3,6,113,9,0,96,Matches
561,Nicolò Zaniolo,it ITA,"FW,MF",Aston Villa,24-290,1999,9.2,146,223,65.5,2099,539,90,115,78.3,44,61,72.1,6,15,40,0,0.9,0.7,-0.9,9,17,5,0,30,Matches
562,Anass Zaroury,ma MAR,"FW,MF",Burnley,23-162,2000,1.7,43,70,61.4,714,120,23,31,74.2,13,21,61.9,6,11,54.5,0,0,0.1,0,2,2,2,1,2,Matches
563,Oleksandr Zinchenko,ua UKR,DF,Arsenal,27-124,1996,18.6,1321,1508,87.6,22352,6698,620,671,92.4,584,647,90.3,93,132,70.5,2,2,2.7,0,27,148,47,4,218,Matches
564,Kurt Zouma,fr FRA,DF,West Ham,29-173,1994,26.5,832,1003,83,16242,5730,283,310,91.3,452,497,90.9,90,171,52.6,0,0.1,0.1,-0.1,3,47,1,0,50,Matches
565,Martin Ødegaard,no NOR,MF,Arsenal,25-122,1998,28.4,1441,1696,85,21750,6420,770,843,91.3,551,640,86.1,67,106,63.2,6,6.9,8.4,-0.9,80,134,95,8,27,
